{
  "n_jobs": 50,
  "n_machines": 5,
  "processing_times": [
    28.42560465058443,
    37.48664075848315,
    64.78716286218994,
    78.23959467281273,
    51.35185307643245,
    52.851798089303564,
    84.23829745080324,
    37.33665023486078,
    67.36882434715847,
    83.98623276999953,
    69.00816143822054,
    11.350098647273912,
    44.3021949811037,
    31.93225346631975,
    26.531429895815915,
    28.498603067769004,
    69.22323107977395,
    88.3780399904785,
    3.576299230561017,
    86.0035738623663,
    86.00871375039235,
    78.49239790142944,
    55.69412320262729,
    66.93998498468822,
    11.609105571645966,
    54.08395470144952,
    3.5129997206546375,
    21.117126356176428,
    99.38136822597991,
    35.27159310355412,
    20.530046100744872,
    23.075151745899223,
    24.130746142904425,
    12.640263889264373,
    64.78874593454849,
    17.77522812574581,
    72.0397577715936,
    81.11861410514751,
    3.2961035911653376,
    57.80442864703897,
    21.658642011392104,
    93.57874337580834,
    26.67363484182329,
    68.92791531397215,
    82.54521775513655,
    24.96296192809844,
    46.40175895154665,
    91.10981958223788,
    59.98665860256947,
    1.4970914590184163
  ],
  "due_dates": [
    49.99968955673625,
    158.8501422070465,
    245.42628835126027,
    269.7185572007707,
    76.85377602242353,
    74.56728258858391,
    248.19159662598017,
    77.4326721486856,
    110.74149901049685,
    347.57224621210736,
    291.93691743983914,
    96.40383531252766,
    166.53763687124348,
    95.69414582762357,
    222.0427368081107,
    248.5095507647506,
    144.48701957891492,
    201.26975875757142,
    90.6251261384335,
    215.02839059302158,
    133.02847313186464,
    113.83117013056227,
    155.38809563379849,
    119.64463953697862,
    150.61032692610578,
    320.00424676945977,
    164.40264859869495,
    180.22046014547908,
    331.63090456226826,
    224.83672907242286,
    162.2430955418694,
    80.75642608727144,
    202.2217768888575,
    244.41939371703515,
    131.37486747198201,
    218.84996478613687,
    143.04415800442197,
    170.27883095723809,
    180.9389868498698,
    282.5891138046206,
    132.22581154431975,
    352.5180250437114,
    228.52602045536943,
    117.72529358675857,
    265.05830208619454,
    107.83679652654052,
    140.66105291037044,
    367.94940598039943,
    268.3806399001611,
    19.726276371124534
  ],
  "release_dates": [
    10.670418324832305,
    112.12049979219724,
    169.98462712888693,
    189.92345360008179,
    21.97282833983054,
    7.528908200267225,
    141.6855765517215,
    35.55921908088659,
    22.75104998388834,
    226.22237493286963,
    212.04959970858758,
    79.83761160351789,
    109.92408938301256,
    52.54330714304963,
    184.06861882790605,
    206.56213166740613,
    47.016262241557335,
    104.76213470056203,
    85.82743129661173,
    100.93151604329162,
    4.36327171953906,
    30.229575894147786,
    80.1525822266284,
    50.489733071230056,
    133.3968858567518,
    239.88921514216366,
    160.2698855825088,
    156.42312312751162,
    188.91674020052275,
    177.60511318347466,
    135.66072370638446,
    54.223552903458845,
    168.5430223480626,
    225.50640144557818,
    56.567063267329026,
    195.20916662595351,
    35.71377237983015,
    54.66487900722426,
    176.53955468328718,
    201.8391152111147,
    108.02592067771644,
    220.63250850759619,
    198.51325791374074,
    47.848174025260825,
    178.3673906411419,
    71.90418066997618,
    90.10425043374305,
    242.9755521886004,
    197.90853776104527,
    17.612690630994145
  ],
  "weights": [
    3.0,
    4.0,
    6.0,
    1.0,
    3.0,
    4.0,
    5.0,
    2.0,
    4.0,
    5.0,
    1.0,
    2.0,
    5.0,
    3.0,
    7.0,
    8.0,
    7.0,
    4.0,
    7.0,
    8.0,
    10.0,
    6.0,
    6.0,
    8.0,
    8.0,
    1.0,
    1.0,
    8.0,
    10.0,
    7.0,
    10.0,
    3.0,
    2.0,
    4.0,
    4.0,
    9.0,
    2.0,
    5.0,
    1.0,
    5.0,
    7.0,
    4.0,
    4.0,
    2.0,
    10.0,
    1.0,
    6.0,
    9.0,
    8.0,
    3.0
  ],
  "failure_rates": [
    0.05889515170849744,
    0.047181708303566876,
    0.05407713303613207,
    0.04162063806747435,
    0.04763837285146032
  ],
  "repair_rates": [
    0.18844892695923837,
    0.21042673597241293,
    0.20008440183908452,
    0.21615136359729853,
    0.21008401309083544
  ],
  "weibull_shapes": [
    1.0,
    1.0,
    1.0,
    1.0,
    1.0
  ],
  "weibull_scales": [
    16.97932632807395,
    21.194654368298938,
    18.492104589417526,
    24.026541793492566,
    20.991481029758678
  ]
}