{
  "n_jobs": 50,
  "n_machines": 8,
  "processing_times": [
    44.33683514554084,
    76.82541286636423,
    37.36531533047513,
    20.549916882293243,
    99.42010078796628,
    93.11607902836144,
    26.520931756614885,
    42.2307378680668,
    55.71443053903687,
    51.89275832348149,
    68.97265465509675,
    20.01139761216178,
    49.62860994824977,
    30.199235985139115,
    20.253892143814916,
    5.772712944100026,
    64.32458598155432,
    4.609310230853076,
    76.06437645587317,
    89.8029764175229,
    9.39644591659999,
    83.63280746745174,
    19.218863925633844,
    36.38957298240356,
    39.85968214692671,
    24.643344779677417,
    20.196995204225793,
    40.85319770950502,
    31.092592646375728,
    18.569195905128076,
    37.23010727163032,
    40.66134619437651,
    68.34152705613914,
    42.36160314362076,
    63.571818521870206,
    23.232128448812897,
    20.483830987002886,
    7.5180070425550465,
    79.9295944801097,
    14.96092154076334,
    70.00262509657358,
    46.870595915038685,
    19.110835814011182,
    89.17188766042923,
    27.08220708776552,
    63.29785129483372,
    89.21116120849709,
    68.5948450080687,
    17.43889344042862,
    94.68277379957327
  ],
  "due_dates": [
    106.9262940888837,
    142.82173822780013,
    69.41271981422142,
    136.1171401049724,
    244.54327129138198,
    157.7650417689834,
    76.14666110365454,
    114.1953145453019,
    173.26420437710118,
    115.92999793691072,
    162.13084796492245,
    167.93683735247026,
    197.9657593369978,
    71.33272997913161,
    155.87395980916367,
    72.41258805619745,
    104.39145561401821,
    48.529718213626055,
    112.22535755844085,
    144.67174894568655,
    146.95153578166654,
    149.41419193747726,
    99.63023881350844,
    61.096145065162325,
    182.76233990113553,
    166.54912935637645,
    51.091812196772494,
    120.74163775200557,
    56.392350311500756,
    65.78794950863637,
    156.1779962016913,
    132.5488599578407,
    235.6573621332061,
    99.19450010426613,
    184.74261536143928,
    73.48438015549645,
    127.76257273687219,
    149.2671655184696,
    134.11099053648093,
    24.03025004201819,
    183.48111992659645,
    97.9902142825369,
    99.44535068397502,
    169.71674821052076,
    86.2958428359519,
    85.03570342096609,
    197.97809309671746,
    183.57719959649756,
    76.12799845751337,
    184.92123053739644
  ],
  "release_dates": [
    41.41898999526157,
    35.93449991642731,
    20.354850468522788,
    106.90057703246588,
    124.70740403764555,
    24.24364985959446,
    39.26625685682033,
    68.18006366402552,
    99.46167791920855,
    49.917825666529794,
    85.53218783581141,
    138.8734809592038,
    138.4528832947989,
    40.981403309855175,
    125.93793412196739,
    66.36242096242034,
    34.73403471447665,
    43.083701244198046,
    25.505497285210698,
    52.1547944376648,
    134.35302323010194,
    64.3265980959031,
    79.95726272199961,
    22.82878200272156,
    140.19588973916072,
    132.1437253723761,
    25.69850387448841,
    62.9764752602871,
    25.011912272013287,
    46.85520270368039,
    118.91026422969902,
    71.62733711497786,
    133.77020040068723,
    46.646337417773644,
    106.04225074826682,
    49.525964406552674,
    97.8623080160975,
    138.84949988020745,
    43.3503193302305,
    2.858145523220585,
    81.95016475759878,
    32.63370668044285,
    77.3378258772537,
    79.53527654749956,
    47.03351799287875,
    17.95811295256702,
    75.87330983790315,
    102.31077148064738,
    53.76278829802734,
    60.33644626863476
  ],
  "weights": [
    1.0,
    4.0,
    3.0,
    7.0,
    10.0,
    3.0,
    1.0,
    10.0,
    3.0,
    10.0,
    3.0,
    4.0,
    5.0,
    4.0,
    3.0,
    8.0,
    9.0,
    3.0,
    6.0,
    3.0,
    9.0,
    2.0,
    7.0,
    10.0,
    5.0,
    6.0,
    6.0,
    9.0,
    9.0,
    1.0,
    2.0,
    7.0,
    2.0,
    7.0,
    8.0,
    5.0,
    4.0,
    7.0,
    3.0,
    4.0,
    1.0,
    2.0,
    8.0,
    7.0,
    10.0,
    2.0,
    6.0,
    2.0,
    7.0,
    2.0
  ],
  "failure_rates": [
    0.05661645588950286,
    0.059449696051739415,
    0.0591957974909398,
    0.054739345937448426,
    0.04539041321658229,
    0.05034007829768155,
    0.047395571584778244,
    0.05079698726334129
  ],
  "repair_rates": [
    0.1916298828039715,
    0.18160707222052822,
    0.209099123697556,
    0.1891374007603485,
    0.21509232502884698,
    0.20530797758608976,
    0.202240666709191,
    0.21849781778668237
  ],
  "weibull_shapes": [
    1.0,
    1.0,
    1.0,
    1.0,
    1.0,
    1.0,
    1.0,
    1.0
  ],
  "weibull_scales": [
    17.66270926515921,
    16.820943863694346,
    16.893091104196287,
    18.26839511642534,
    22.03108385967886,
    19.86488765644323,
    21.0990176204809,
    19.68620687710885
  ]
}