{
  "n_jobs": 50,
  "n_machines": 8,
  "processing_times": [
    70.70524305767141,
    69.0956126912894,
    61.8050038157339,
    51.155152056137645,
    68.73502320712605,
    17.905244940538555,
    86.91283180561138,
    13.740000481864882,
    85.9063743016194,
    84.09644937642409,
    73.09438454539715,
    21.125224214411006,
    50.317420479181855,
    22.831907546369212,
    41.07745436299519,
    43.85429882242883,
    23.995506125308786,
    24.18666069421283,
    24.181243875872433,
    4.0608844857702255,
    98.33852641237928,
    44.55960260618868,
    55.65780691007341,
    45.20885304085595,
    88.87670191555168,
    89.56036849117169,
    65.3825300600167,
    37.67560546785572,
    45.66453214001314,
    20.668203148993168,
    97.76432271343535,
    66.53872174975001,
    29.790047548623733,
    13.14822635073153,
    2.6312339078089844,
    57.94528840679349,
    56.28535397361838,
    52.6236347664902,
    36.80460441261061,
    91.52831503526598,
    76.29226943798214,
    22.896069647592128,
    20.53656929219269,
    17.828685433395226,
    46.758163324688844,
    71.49750423787664,
    79.66954787055072,
    84.43694716195682,
    78.87851068778973,
    34.24401888306016
  ],
  "due_dates": [
    85.34174086466707,
    221.903596263907,
    194.31891594329667,
    131.0880773195815,
    186.30126336475965,
    183.50066906344074,
    192.43631328498967,
    63.74798438936576,
    254.8519104256044,
    336.94969013279956,
    206.69699088867696,
    87.0980665023481,
    97.26606699381165,
    96.27827399783807,
    196.27854587143463,
    219.12625571764048,
    149.1286744891684,
    78.83882356812661,
    104.40092931024111,
    11.646580622751893,
    303.41908447803223,
    154.46969685985755,
    247.4270584981169,
    257.7485437067271,
    249.2445373827087,
    243.9075316584915,
    277.43680644568184,
    89.51602847768626,
    63.883937489099786,
    105.27201538822273,
    324.8123557773007,
    227.19480223369592,
    157.39928630993694,
    71.40095861957872,
    85.4820112961256,
    198.7065844554149,
    236.63176506927297,
    124.74643600760086,
    50.28587367665298,
    273.84487667220355,
    200.30713738289126,
    120.76740218265499,
    134.16890187645612,
    143.37391994663813,
    153.62938805703735,
    131.7922461898091,
    298.21304001762104,
    252.1864626430103,
    314.86250164096396,
    198.88560385778123
  ],
  "release_dates": [
    14.256389728879512,
    77.94559123523905,
    107.75091445651047,
    35.04288459100048,
    62.15803032030724,
    149.01503297408064,
    81.80815248645904,
    34.74475736448463,
    142.47025217762544,
    130.47118282549778,
    87.82946526525656,
    64.67827513060028,
    16.345333974110446,
    42.64271106423457,
    155.12338363353737,
    144.76165680372762,
    120.4209287243838,
    28.12974428094972,
    77.61170671609707,
    5.361670083025634,
    62.25478751273681,
    57.13511262213578,
    112.74660087342826,
    152.47910949420458,
    147.17820225143473,
    57.52626060846984,
    155.00251184390294,
    39.51365995130575,
    10.388079582744984,
    75.28646985927433,
    139.74945255797667,
    76.49480694899287,
    96.18901943553632,
    42.79171905277465,
    81.13670977013125,
    89.53755974345856,
    115.8531562752201,
    0.04796805122137285,
    5.33998534815257,
    45.35905502268591,
    51.36675951558436,
    69.04665559604342,
    107.72206759300887,
    111.63876007875082,
    106.02897830187902,
    17.20455743169697,
    125.33558362830559,
    75.6051649188799,
    129.3864092863897,
    116.5362396198189
  ],
  "weights": [
    5.0,
    10.0,
    5.0,
    3.0,
    3.0,
    6.0,
    5.0,
    7.0,
    7.0,
    8.0,
    4.0,
    4.0,
    6.0,
    8.0,
    3.0,
    9.0,
    10.0,
    10.0,
    3.0,
    7.0,
    6.0,
    8.0,
    6.0,
    5.0,
    7.0,
    3.0,
    8.0,
    3.0,
    10.0,
    7.0,
    9.0,
    8.0,
    10.0,
    6.0,
    2.0,
    2.0,
    4.0,
    3.0,
    3.0,
    3.0,
    1.0,
    5.0,
    1.0,
    4.0,
    1.0,
    3.0,
    2.0,
    7.0,
    7.0,
    1.0
  ],
  "failure_rates": [
    0.054214539069987105,
    0.04607932059433538,
    0.04848721155234306,
    0.05830960107318955,
    0.05684061377055634,
    0.04395442344842389,
    0.045470257454156685,
    0.04260166447980429
  ],
  "repair_rates": [
    0.21586026153203322,
    0.2037186125598275,
    0.18375291035571248,
    0.21258076743819984,
    0.2155876380301785,
    0.21011859175288522,
    0.20854822034174472,
    0.18940016975569324
  ],
  "weibull_shapes": [
    1.0,
    1.0,
    1.0,
    1.0,
    1.0,
    1.0,
    1.0,
    1.0
  ],
  "weibull_scales": [
    18.445236594358413,
    21.701708859894342,
    20.623994822232188,
    17.149834359950628,
    17.593054220642564,
    22.75083874489674,
    21.99239801991894,
    23.473261249547168
  ]
}