{
  "n_jobs": 50,
  "n_machines": 5,
  "processing_times": [
    31.5338641659999,
    72.8648916511256,
    67.12651331299396,
    97.09022826286524,
    92.75534257906207,
    17.412615264729595,
    54.19950284107192,
    15.021001642564103,
    10.076980125343606,
    93.41425144361753,
    11.261529054757068,
    58.64408919674981,
    72.90786534474066,
    81.62415610144075,
    37.88752259621911,
    20.18466043133629,
    76.38980313781802,
    21.201591076286977,
    47.28754838453352,
    53.129308351485264,
    7.555949747252484,
    75.48927252189556,
    84.12071175509247,
    22.97647847024816,
    68.43929467190375,
    85.62615952432448,
    71.93770695131288,
    96.74520940777552,
    98.59346673399561,
    42.45138546180044,
    67.09380885467564,
    48.00856214365495,
    64.22102009330781,
    63.08804974721316,
    33.12511965002969,
    78.4618726213863,
    96.44891001117688,
    36.021566059509226,
    42.10177559259729,
    72.50562506294433,
    71.15413946108148,
    96.17829126744422,
    33.98285555794321,
    75.42720499705615,
    2.396068948661293,
    34.236000795023905,
    16.286458367083164,
    26.23637902340738,
    75.78220997220346,
    20.914526355842174
  ],
  "due_dates": [
    245.9344533482726,
    317.0673206050533,
    112.5589444942486,
    365.47493816978454,
    391.6329737844816,
    267.3838272542737,
    94.67510075971342,
    288.36727974431244,
    219.42699049458778,
    194.59479124334922,
    146.30577659911955,
    197.68606426698932,
    138.30810977058164,
    245.9890587838551,
    79.1770992236376,
    22.101439031748395,
    169.17434641736986,
    180.132817107374,
    80.07878044387611,
    256.5935114238464,
    171.36037319442613,
    191.1738430752813,
    228.2972016772793,
    145.81134965924116,
    122.62381134029158,
    350.1829349497679,
    135.43573606230476,
    108.81528328481372,
    199.22671441837886,
    170.30443210408274,
    166.09813298220797,
    84.44718092776685,
    166.97659449167537,
    291.2561050176079,
    266.17229560446987,
    308.7178946699439,
    377.0472145498574,
    156.76663668412843,
    264.14521996504686,
    176.48888155516843,
    323.52656824841944,
    299.8206334160293,
    103.57158042286909,
    271.55829438830585,
    247.5848848232937,
    85.41999547466088,
    33.46387075328599,
    238.9981804990319,
    165.0535542249769,
    75.08717682648694
  ],
  "release_dates": [
    209.79713417597392,
    221.7202120081772,
    45.4037709777185,
    261.006530314289,
    255.07898079735486,
    241.63504661705545,
    16.292205487442622,
    268.0493481010521,
    206.5214760816649,
    78.93455964248922,
    132.00239276164493,
    135.73812128441676,
    53.06558914221271,
    155.52515111974571,
    34.42049761176953,
    0.44530017419364715,
    60.700277964057626,
    151.17443241724794,
    9.60134375570149,
    183.17406096161537,
    160.43870941074988,
    110.10942642935886,
    124.17711113371597,
    116.67434969590893,
    29.338511313999575,
    263.09156686498306,
    43.03275908560153,
    5.1152788242429965,
    73.84338101296277,
    113.74468826487471,
    66.269822466365,
    26.78835097915749,
    83.22410716138586,
    228.09924512507416,
    224.0139628043108,
    205.70244827783355,
    273.5736879110395,
    108.08536267562816,
    220.05675070439028,
    71.9329190778304,
    234.67915223263452,
    189.42230280110718,
    59.40946313066591,
    169.71964325223445,
    244.42364681365666,
    42.03291557639336,
    14.650187287791377,
    206.76084525548475,
    57.98652714037438,
    51.979732949594506
  ],
  "weights": [
    3.0,
    7.0,
    3.0,
    8.0,
    6.0,
    2.0,
    8.0,
    5.0,
    7.0,
    8.0,
    9.0,
    8.0,
    7.0,
    4.0,
    3.0,
    1.0,
    4.0,
    1.0,
    5.0,
    3.0,
    3.0,
    4.0,
    1.0,
    5.0,
    7.0,
    10.0,
    1.0,
    8.0,
    7.0,
    7.0,
    2.0,
    9.0,
    8.0,
    8.0,
    7.0,
    9.0,
    5.0,
    6.0,
    8.0,
    3.0,
    5.0,
    3.0,
    1.0,
    7.0,
    1.0,
    5.0,
    6.0,
    5.0,
    2.0,
    10.0
  ],
  "failure_rates": [
    0.04384329939364852,
    0.05313718909489132,
    0.05718037594380248,
    0.046234105005436246,
    0.05660666212581103
  ],
  "repair_rates": [
    0.21385146672816382,
    0.21927805118052715,
    0.19592613211822,
    0.1849734121246205,
    0.21320295717140803
  ],
  "weibull_shapes": [
    1.0,
    1.0,
    1.0,
    1.0,
    1.0
  ],
  "weibull_scales": [
    22.80850241268265,
    18.819211498263865,
    17.488517406440476,
    21.6290549991704,
    17.665765166959535
  ]
}