{
  "n_jobs": 50,
  "n_machines": 8,
  "processing_times": [
    67.57292237557,
    4.502233036902275,
    27.32997703984679,
    43.80637485664828,
    54.9863740480951,
    20.95406977570314,
    24.595820686671654,
    17.733147591447267,
    57.5792102927577,
    52.549764462305134,
    90.45103945508538,
    74.31621128799961,
    37.99724888035028,
    26.424991646719345,
    79.9798826547773,
    48.38854857573346,
    1.4176711966987046,
    52.45513323270589,
    41.0363152934975,
    2.106110834210492,
    93.16410233865712,
    43.995033228690595,
    31.880379634438277,
    64.11063701331523,
    45.20335296422052,
    24.06080995177892,
    56.20852264105186,
    95.73777666337938,
    15.890182056166845,
    58.79360851068451,
    71.86695259914326,
    46.04734288568813,
    86.29639461971418,
    98.41197021684322,
    15.067727397437125,
    66.65247517486124,
    3.081636768894616,
    53.99806744947672,
    4.042165604430453,
    35.23887820757024,
    77.1190975664081,
    52.66137718817906,
    21.187609608715515,
    89.6858124942761,
    4.734608791107956,
    75.64094830660457,
    32.12949161199283,
    68.92963021479355,
    55.185726212149184,
    31.071238953112427
  ],
  "due_dates": [
    116.88935269912524,
    63.13348442962325,
    166.8585444129757,
    79.92736615303386,
    113.4576915249867,
    146.25525626694522,
    158.11616350300855,
    134.54354607209595,
    215.95743486732522,
    130.3247255071285,
    178.24935238571462,
    206.0521349922463,
    79.94576472350057,
    135.1477983901417,
    224.90199017507663,
    141.84185077921336,
    24.498066236331947,
    200.36689278634566,
    93.384542094908,
    66.4777284955265,
    99.62568196915679,
    179.55364263229808,
    171.26150204775868,
    148.58712921122088,
    200.93544030117775,
    138.26797554515113,
    200.36937496585432,
    313.3413418657355,
    52.62389211269928,
    233.47019068100752,
    145.40393124387273,
    143.24910714176133,
    274.7467982739058,
    194.73729256883155,
    160.00005602008858,
    101.53109112024646,
    24.380660930090315,
    98.78021207611562,
    87.24676245192987,
    94.00004589362761,
    248.2622644590949,
    194.43658225175167,
    53.85192805884388,
    265.32943595487455,
    75.98018689142133,
    158.3647964518207,
    109.3861592177409,
    225.87265640824953,
    160.5835232088076,
    166.843824438365
  ],
  "release_dates": [
    24.55583158413467,
    55.64362467532046,
    137.91413277560656,
    8.293574539932102,
    30.31485438131399,
    117.2422486441683,
    119.7306124555167,
    106.55013917864247,
    117.53234184507018,
    30.024806953542992,
    22.662627354479618,
    128.73100660497667,
    13.962505532875598,
    104.52857473796757,
    86.42097695992709,
    78.35724558153417,
    22.79695036113862,
    98.10798777970494,
    38.535450955828345,
    64.17081117979139,
    5.943498792151667,
    104.21924950929045,
    126.35159088012844,
    46.44333799829615,
    137.05441785866384,
    91.42134543150726,
    136.4491524443759,
    144.33750543330103,
    25.418694012191082,
    131.50531058470978,
    9.587372883283194,
    72.1615642768032,
    108.67063879006628,
    39.85961236756562,
    130.03256531457967,
    10.596008606686956,
    18.551895089796556,
    21.094870912627236,
    79.83774010054586,
    55.3870795684309,
    112.56616329070602,
    101.26703862654311,
    20.761035636582484,
    93.94104193349574,
    68.47833768576628,
    52.95762354671107,
    71.85304013073444,
    138.50713604893926,
    70.91863482681525,
    123.00905843710561
  ],
  "weights": [
    8.0,
    6.0,
    9.0,
    1.0,
    5.0,
    4.0,
    4.0,
    6.0,
    5.0,
    3.0,
    4.0,
    2.0,
    4.0,
    2.0,
    2.0,
    8.0,
    4.0,
    6.0,
    7.0,
    2.0,
    4.0,
    7.0,
    1.0,
    9.0,
    9.0,
    2.0,
    2.0,
    1.0,
    1.0,
    5.0,
    4.0,
    8.0,
    5.0,
    3.0,
    9.0,
    1.0,
    8.0,
    5.0,
    7.0,
    4.0,
    8.0,
    10.0,
    2.0,
    2.0,
    1.0,
    9.0,
    2.0,
    10.0,
    2.0,
    3.0
  ],
  "failure_rates": [
    0.04436346659067364,
    0.0429517824421827,
    0.048089664411272326,
    0.043751554974954386,
    0.043367706550063403,
    0.051723096349444365,
    0.05734488811434746,
    0.04168539323811916
  ],
  "repair_rates": [
    0.18707145859069182,
    0.2025527199178009,
    0.18659859755524444,
    0.2187230546337903,
    0.21155443076863956,
    0.19068925623823718,
    0.19804767245629934,
    0.19522172639461022
  ],
  "weibull_shapes": [
    1.0,
    1.0,
    1.0,
    1.0,
    1.0,
    1.0,
    1.0,
    1.0
  ],
  "weibull_scales": [
    22.5410698678409,
    23.281920868967376,
    20.79448904961786,
    22.856330490938,
    23.05863232231583,
    19.33372266122545,
    17.43834599530423,
    23.98921834052776
  ]
}