{
  "n_jobs": 50,
  "n_machines": 8,
  "processing_times": [
    96.58836258748093,
    61.17265192563512,
    80.25813659517804,
    28.317449854197424,
    2.2639292894272405,
    31.712436971989423,
    65.35942538247268,
    78.94840410295659,
    71.12925384865065,
    49.88984753245861,
    96.44276881905057,
    15.55736198718284,
    34.8720955977099,
    10.160448077897806,
    77.59225986332986,
    95.13404170561974,
    47.726547147454156,
    22.02662586092105,
    56.93476793243222,
    31.372870892320222,
    56.20122626954004,
    7.92528909051869,
    9.953969596569577,
    69.71038913022154,
    21.719916005531545,
    34.362061864608265,
    57.48644875672612,
    7.324103905156744,
    82.68253361649369,
    97.13849353107325,
    2.299015391033852,
    56.133395024854394,
    14.272663016955399,
    89.73440921655214,
    18.997855741041782,
    60.073441689758596,
    42.296566803511496,
    24.50881745707538,
    34.40232615684123,
    41.18732027846885,
    4.2220235718422785,
    83.88476678779004,
    44.07733902200295,
    53.02759033477159,
    65.45638357233008,
    50.971635488783164,
    35.42162893701628,
    28.193738644306467,
    57.955507305745954,
    18.16890872332925
  ],
  "due_dates": [
    237.4271811612182,
    78.33390745182909,
    145.45837974745882,
    183.5845493979479,
    111.80550935245734,
    128.6266351742082,
    146.44980916961623,
    218.4758234614996,
    191.95140870410685,
    62.82064944537313,
    145.41394559215843,
    41.927776106181255,
    147.03112569305904,
    146.21382722469508,
    149.9992869323931,
    175.4748984216504,
    88.63894038251124,
    70.66021754602248,
    80.2066383197753,
    132.91496968610062,
    193.960307546141,
    19.961913871142595,
    39.66090832878044,
    94.79558382630783,
    115.90824007717613,
    78.83549683258823,
    211.8026614917913,
    91.8718108598192,
    145.57150829452132,
    158.04665056477992,
    132.0690660437807,
    79.07659508411831,
    50.7452735898153,
    230.1727531364416,
    54.5011413516429,
    115.07931115018435,
    123.72899597478745,
    102.65829528486091,
    121.25122945709296,
    111.69230710019374,
    150.39067758192124,
    201.88523380509503,
    186.27242201645407,
    165.5634494528629,
    186.30410254597518,
    149.524945024308,
    103.38903464493916,
    68.44486210687762,
    218.6457325964664,
    115.3108967480969
  ],
  "release_dates": [
    137.12152647244866,
    1.2784314498460614,
    60.75250375433388,
    142.95137928481068,
    108.67308335280683,
    93.7207292121751,
    77.3578010130304,
    128.98052610073105,
    112.03706211179224,
    4.44747030009456,
    45.25565848934986,
    21.311959950506456,
    98.77965744684668,
    132.40109493389562,
    41.74189121253975,
    63.610482500434244,
    32.15406924975365,
    41.574726791512184,
    19.258304604870066,
    92.20296435702399,
    118.67830365688198,
    11.061621733293222,
    26.646541794666593,
    2.6351236387510473,
    90.83612795001402,
    33.31323816935016,
    125.70375959615582,
    82.53973032225991,
    37.698882247055536,
    35.7748148972204,
    128.71161329372453,
    6.2256299992113515,
    33.37420437989709,
    133.04988082540768,
    29.027620007210793,
    50.810100862270076,
    73.7108481802882,
    67.00410503912298,
    78.93053370302165,
    67.07092130286668,
    144.36323318281998,
    89.62652806361834,
    127.55552789157161,
    112.46318034039548,
    98.26886098889182,
    86.37298205882003,
    66.67047473289733,
    31.493628321749593,
    132.61362139232216,
    93.75229057534646
  ],
  "weights": [
    3.0,
    1.0,
    9.0,
    4.0,
    2.0,
    1.0,
    2.0,
    3.0,
    3.0,
    2.0,
    10.0,
    7.0,
    3.0,
    10.0,
    5.0,
    5.0,
    1.0,
    1.0,
    5.0,
    6.0,
    6.0,
    6.0,
    9.0,
    4.0,
    8.0,
    1.0,
    7.0,
    10.0,
    9.0,
    4.0,
    6.0,
    8.0,
    6.0,
    9.0,
    2.0,
    5.0,
    9.0,
    6.0,
    7.0,
    6.0,
    10.0,
    4.0,
    2.0,
    3.0,
    10.0,
    1.0,
    5.0,
    6.0,
    4.0,
    3.0
  ],
  "failure_rates": [
    0.05393349059275261,
    0.05199710241354828,
    0.04587523082703529,
    0.046184808896237085,
    0.05818781950033604,
    0.059560795352313914,
    0.04567435145255139,
    0.049012706501739854
  ],
  "repair_rates": [
    0.19792867577103226,
    0.2012967703286473,
    0.21454872038014844,
    0.21483852633753414,
    0.20949092358402763,
    0.21962230962267384,
    0.1945389871907812,
    0.21416873920781287
  ],
  "weibull_shapes": [
    1.0,
    1.0,
    1.0,
    1.0,
    1.0,
    1.0,
    1.0,
    1.0
  ],
  "weibull_scales": [
    18.541355084003712,
    19.231840883107395,
    21.798255441380316,
    21.65214112386368,
    17.185727332405452,
    16.789567602057726,
    21.894125875850605,
    20.40287246664295
  ]
}