{
  "n_jobs": 50,
  "n_machines": 5,
  "processing_times": [
    25.262374146203154,
    48.12643432129198,
    24.61878587343901,
    50.49741613307823,
    70.89518877722621,
    30.696365267885156,
    95.73735329970465,
    57.30769845113807,
    16.162342234521702,
    45.51379668817361,
    95.0577670020212,
    36.43918144764981,
    91.23350267307347,
    66.18345255495417,
    51.92658689828334,
    85.50583453634039,
    4.32670140437975,
    25.113975940794788,
    74.66723884100864,
    31.895380405941154,
    53.07131137617509,
    11.559326062806036,
    3.2066913847464726,
    98.03382692054343,
    60.43642508208813,
    53.195179412334596,
    91.21208770807468,
    6.4927955004318845,
    71.35841943492699,
    48.48954433464942,
    44.07333448541073,
    21.00342625399564,
    77.0475143793126,
    99.7861601286032,
    72.63083072566019,
    68.87746072351071,
    23.561677631712428,
    72.41729361853027,
    54.38908864175218,
    52.1164735146661,
    60.32186735692543,
    48.4141935836131,
    34.95112667848819,
    51.88169334904736,
    13.4412608175928,
    83.31757082156527,
    16.485056377329023,
    98.9302305122044,
    47.64398364076722,
    63.513922137231354
  ],
  "due_dates": [
    202.81785539638332,
    251.13644915367263,
    33.216751250323775,
    220.60274952457328,
    141.28857243804916,
    151.73921884970667,
    319.11888182464145,
    114.95334749361396,
    208.35182882873593,
    275.8484976191997,
    370.1721122052543,
    234.04116704095296,
    197.16366016915313,
    121.93603100467135,
    284.5347530075866,
    183.21550061952263,
    11.720350943899803,
    191.03465857503846,
    304.34022172570224,
    140.64983225654373,
    301.8647237144043,
    130.10301583719408,
    210.61603177855764,
    194.63497744875414,
    173.10929699668822,
    239.07759424142972,
    268.6619246274669,
    103.86138063064234,
    218.267196199725,
    83.19571477299499,
    200.37641910130145,
    232.46027588414188,
    204.24747436027087,
    296.65556194652925,
    257.0740086447908,
    251.87709610464697,
    197.31454639894545,
    169.85780838863616,
    86.85036780670674,
    240.90185350945666,
    200.23073328544865,
    311.79317019176796,
    200.45199265205633,
    173.48901034179366,
    164.07587973035587,
    207.64593408655895,
    49.94155714570812,
    279.2178202997304,
    88.8273749319946,
    91.3562123604722
  ],
  "release_dates": [
    174.16800405175317,
    200.2723817704901,
    0.310583043342553,
    124.81644377445949,
    7.772411035325459,
    97.33146131563238,
    168.97523858394047,
    30.881498620920766,
    180.43276300848532,
    189.7516341209062,
    195.7331922165742,
    189.99249079803357,
    77.04662519844779,
    30.486980785705065,
    201.38414358719967,
    64.14577096456198,
    5.655542701230329,
    144.5856115610507,
    159.4749448576278,
    94.37644535196927,
    235.72462616203555,
    117.9365775702046,
    207.16055219984793,
    24.815487369750798,
    88.10943350552466,
    138.21546189846714,
    109.35833696074036,
    92.93601645041957,
    127.83328588769811,
    19.638439771531882,
    125.46538001385208,
    210.8701809420153,
    108.77004419575435,
    111.81562851140042,
    137.77713099002372,
    133.79814778624623,
    160.39226700671952,
    87.99316600244107,
    23.65946310249521,
    182.56283626650102,
    84.54458696992549,
    218.2767596092043,
    157.54363350878054,
    91.43150141102782,
    150.29621325921136,
    83.40011580938662,
    31.426497859901612,
    104.93707280047151,
    33.371256592967356,
    15.052822204993102
  ],
  "weights": [
    1.0,
    4.0,
    4.0,
    1.0,
    7.0,
    1.0,
    8.0,
    8.0,
    1.0,
    7.0,
    5.0,
    3.0,
    5.0,
    3.0,
    6.0,
    2.0,
    10.0,
    6.0,
    6.0,
    1.0,
    6.0,
    4.0,
    9.0,
    1.0,
    8.0,
    4.0,
    2.0,
    6.0,
    10.0,
    3.0,
    6.0,
    4.0,
    10.0,
    1.0,
    2.0,
    1.0,
    10.0,
    3.0,
    1.0,
    8.0,
    1.0,
    3.0,
    9.0,
    7.0,
    10.0,
    1.0,
    1.0,
    8.0,
    10.0,
    6.0
  ],
  "failure_rates": [
    0.052786013500705276,
    0.057200406759481175,
    0.045675970674746796,
    0.046894088514884816,
    0.05678552898840548
  ],
  "repair_rates": [
    0.1934612773512349,
    0.1924356189606413,
    0.1852988051580907,
    0.20856534549466732,
    0.18255870624038995
  ],
  "weibull_shapes": [
    1.0,
    1.0,
    1.0,
    1.0,
    1.0
  ],
  "weibull_scales": [
    18.94441223500689,
    17.482393162077408,
    21.893349724757513,
    21.324649474370027,
    17.61012035661728
  ]
}