{
  "n_jobs": 50,
  "n_machines": 8,
  "processing_times": [
    65.16514359207315,
    88.53039602820827,
    83.22662099252427,
    9.718536782141035,
    97.2337639629386,
    59.4134468284898,
    44.30045719846818,
    87.68105113543868,
    8.264172411178341,
    51.44641031260121,
    9.189177565196363,
    21.88255979609241,
    14.938820352465758,
    86.57562619582187,
    75.19269878361425,
    83.03559507522606,
    2.28431888027327,
    46.97697778711877,
    41.31952704323588,
    92.9198163306751,
    94.60330548832961,
    55.172139100699,
    27.69114359744471,
    7.565922011012697,
    83.02940081226541,
    29.664140048416442,
    35.045917979565225,
    42.691361625058036,
    40.58610964598141,
    1.9591881008712018,
    32.454453371091184,
    77.76583753269536,
    7.640564427786563,
    97.0762266015408,
    61.76873721054452,
    36.3917637262023,
    35.21557220658743,
    18.185324788536025,
    78.65878651550902,
    80.0324214477088,
    51.21476847098253,
    44.93043896320669,
    29.8973621985466,
    96.318317460513,
    20.190820164471234,
    28.989204449265475,
    37.89308925050921,
    62.51250425259382,
    13.80299021044178,
    24.738876520750637
  ],
  "due_dates": [
    127.88132892084855,
    136.94101396036447,
    240.89031031263937,
    122.38503139015508,
    215.76029718974104,
    85.67414789910856,
    137.54020605568476,
    258.98107208298904,
    142.45809868873638,
    145.2315427799032,
    18.71358636007322,
    86.97915089223409,
    71.41168351746333,
    262.56387676080067,
    201.10109671753423,
    201.30352064470827,
    113.44228755999458,
    192.0006084391571,
    100.25974734506147,
    244.00079251101567,
    157.72590656161896,
    200.80304058285708,
    134.07371015563376,
    120.21553979794203,
    170.61155270842215,
    162.15662605182644,
    150.7987269512662,
    131.3255866624852,
    202.0981816491036,
    100.26356388938926,
    187.80889753355456,
    211.21613863657646,
    99.94689769602934,
    230.57100414700716,
    136.80153740406604,
    160.25463518700542,
    120.46264974333307,
    132.00145165196153,
    179.064445942745,
    99.93046048856483,
    125.44219407899735,
    69.92948635741051,
    83.66469732478598,
    163.58108192286528,
    126.01499332843878,
    83.9237041634953,
    78.03262850459967,
    155.26447834542984,
    164.16206915353987,
    75.18917583661576
  ],
  "release_dates": [
    34.580507240353754,
    10.926971324925129,
    120.92319571676495,
    111.82233871995503,
    80.20410644871225,
    6.008198723289002,
    89.24905680056222,
    139.58555368610152,
    130.18737316338746,
    78.80223387993448,
    8.642573242573341,
    61.06316240473506,
    55.180080792786775,
    142.65567710850135,
    113.37349317602902,
    94.64221240252411,
    110.65334770843317,
    136.5498324481801,
    38.76927396206855,
    125.76136405133651,
    60.30095809453606,
    127.56195690595106,
    96.00564077500681,
    108.92477710294963,
    68.54917097675795,
    128.90854560531554,
    98.79687261900575,
    72.65360430909122,
    146.35809237260457,
    97.88583218920316,
    148.9353357835173,
    106.77639859283664,
    90.70263015116879,
    121.83827732571065,
    68.43994695495257,
    118.81150323152536,
    74.74928454671111,
    112.40235596470046,
    93.58344656123546,
    4.061394702671473,
    53.79131800501285,
    20.644287340247338,
    46.51704986824841,
    51.552628753377256,
    103.87696621246783,
    44.064179929211186,
    26.02658234009975,
    77.4954237315059,
    149.31399630770846,
    41.99154350121074
  ],
  "weights": [
    8.0,
    10.0,
    10.0,
    5.0,
    2.0,
    1.0,
    2.0,
    6.0,
    2.0,
    8.0,
    9.0,
    4.0,
    3.0,
    7.0,
    10.0,
    10.0,
    3.0,
    3.0,
    7.0,
    9.0,
    7.0,
    1.0,
    9.0,
    3.0,
    8.0,
    10.0,
    7.0,
    2.0,
    10.0,
    6.0,
    6.0,
    7.0,
    7.0,
    7.0,
    1.0,
    9.0,
    4.0,
    1.0,
    9.0,
    6.0,
    2.0,
    7.0,
    8.0,
    5.0,
    3.0,
    6.0,
    1.0,
    8.0,
    5.0,
    6.0
  ],
  "failure_rates": [
    0.05848006216544317,
    0.05216703354044262,
    0.05887692356743706,
    0.05231799427883125,
    0.043489034818637,
    0.052430311676212885,
    0.04549950388458694,
    0.04185305480088663
  ],
  "repair_rates": [
    0.20920760799859012,
    0.18676188482010705,
    0.20551726294234715,
    0.20228839096941753,
    0.1800682278548129,
    0.21504487876237907,
    0.20233598442353876,
    0.21379732823669714
  ],
  "weibull_shapes": [
    1.0,
    1.0,
    1.0,
    1.0,
    1.0,
    1.0,
    1.0,
    1.0
  ],
  "weibull_scales": [
    17.09984502360732,
    19.169194261827204,
    16.984583082956256,
    19.11388259019358,
    22.994301992911904,
    19.072936399378495,
    21.978261620974557,
    23.89311854911044
  ]
}