{
  "n_jobs": 50,
  "n_machines": 10,
  "processing_times": [
    47.225004501882005,
    67.19238028540445,
    57.28936262390787,
    23.873218867464505,
    62.69451557246579,
    88.7477466940307,
    62.592284699415075,
    2.691371507445011,
    80.25488025298047,
    8.733069328949355,
    78.77307634451334,
    68.43378575907437,
    13.489467275559402,
    87.04488876664603,
    85.78664150243165,
    38.907752204264675,
    81.30239134429797,
    32.94906750064871,
    69.51240754010078,
    77.5445217294087,
    81.64865114959333,
    53.40367828367229,
    10.902451258249894,
    2.7509149381125324,
    22.97286709872322,
    65.43983302174685,
    77.4853174387157,
    94.32446270261504,
    91.75468795537162,
    52.04977927117076,
    37.06281512170231,
    67.71367891802949,
    1.829666045924074,
    65.14191606142981,
    74.69732665220243,
    93.08893051313099,
    11.883401116456566,
    64.23100120450331,
    79.72422803609186,
    65.47512802768362,
    6.882732747092791,
    86.43650741162408,
    89.4408327095743,
    27.778600202688242,
    17.188148629089216,
    43.47828963317829,
    74.77335760697943,
    38.634687525677236,
    47.02531618945174,
    53.69742072095557
  ],
  "due_dates": [
    68.28958522934424,
    176.55226787445065,
    168.5416706556951,
    161.5801837890042,
    126.06657008190794,
    173.43851207656715,
    159.08161449389198,
    65.4770022727728,
    243.73452362217347,
    60.456478777728485,
    114.25915880746389,
    102.84046152110585,
    59.5470527190011,
    149.8582719550835,
    163.87414217455273,
    154.1770028478002,
    196.77530319648372,
    134.79877549029598,
    131.63574480069158,
    129.48303026057488,
    199.72831643648132,
    208.07896711486666,
    145.6787031311327,
    106.15937621088963,
    129.0738779793735,
    95.54946960041606,
    206.7618803075088,
    170.2843558318285,
    137.518274589945,
    66.66630340075017,
    64.79481989904237,
    177.4380833385032,
    67.5870080909042,
    140.49851052078364,
    181.49201975405614,
    132.61757582421222,
    23.511708471754964,
    181.78557877777803,
    129.80128368545996,
    135.4507683698036,
    115.16671322557767,
    226.56042342217447,
    181.11838340541885,
    174.7315862836119,
    76.23014791980052,
    114.08796783161218,
    245.56573551934605,
    76.84776822580876,
    135.60389535682026,
    138.8153502858089
  ],
  "release_dates": [
    7.107604330470055,
    96.56965266665247,
    92.35545021378394,
    133.01293069964615,
    57.36812081683962,
    62.536869339682625,
    87.2762101313183,
    62.165560019963934,
    126.7880488942535,
    51.48130354990751,
    33.78426581594266,
    10.746698039308743,
    41.708356077367924,
    29.528083969701623,
    42.966485291723565,
    115.22878899311344,
    83.6759544693572,
    95.94902252907691,
    33.61984097686022,
    20.875369670678737,
    97.69865973896715,
    129.0225159344163,
    131.36428726954742,
    102.9011424262947,
    98.14323994646917,
    24.184101295790658,
    109.54150109491914,
    63.01370626604826,
    16.03635462703914,
    10.483708524222024,
    15.070419414122638,
    85.85639521624414,
    65.2603183368337,
    49.66726279083454,
    90.32101377271005,
    29.7770285579713,
    6.392929047072451,
    110.08110109497285,
    24.638699343800234,
    54.477518963518236,
    108.04904155520775,
    104.62545858627541,
    49.401202212905,
    136.15584354997637,
    54.95893967697653,
    62.74570389803444,
    134.8035432719295,
    36.69318407548383,
    65.32246701861027,
    67.07179657750854
  ],
  "weights": [
    1.0,
    8.0,
    7.0,
    5.0,
    5.0,
    10.0,
    4.0,
    6.0,
    2.0,
    4.0,
    9.0,
    8.0,
    8.0,
    7.0,
    5.0,
    6.0,
    5.0,
    10.0,
    4.0,
    4.0,
    3.0,
    1.0,
    9.0,
    4.0,
    1.0,
    1.0,
    2.0,
    2.0,
    10.0,
    7.0,
    6.0,
    10.0,
    5.0,
    1.0,
    3.0,
    1.0,
    10.0,
    3.0,
    8.0,
    1.0,
    5.0,
    9.0,
    1.0,
    7.0,
    5.0,
    8.0,
    9.0,
    7.0,
    2.0,
    10.0
  ],
  "failure_rates": [
    0.05616706399678628,
    0.04759287267716696,
    0.044839640768088926,
    0.045442645128903926,
    0.05014675105808193,
    0.049389047171861926,
    0.04465698176879301,
    0.045717433751775186,
    0.0572183141334589,
    0.048351080705787
  ],
  "repair_rates": [
    0.18033737554764084,
    0.19492053705772752,
    0.19632300212278708,
    0.18057324340623337,
    0.18006768033879667,
    0.1960050073576129,
    0.20030422685460053,
    0.203067890662073,
    0.2119637636208408,
    0.1979640692282608
  ],
  "weibull_shapes": [
    1.0,
    1.0,
    1.0,
    1.0,
    1.0,
    1.0,
    1.0,
    1.0,
    1.0,
    1.0
  ],
  "weibull_scales": [
    17.804028354717225,
    21.01154949782549,
    22.301695171288504,
    22.0057612659512,
    19.941471359565465,
    20.24740417688647,
    22.39291506930313,
    21.87349371860074,
    17.47692177136763,
    20.682060988148976
  ]
}