{
  "n_jobs": 50,
  "n_machines": 8,
  "processing_times": [
    21.47101495603633,
    48.619135694980976,
    44.97007264808009,
    11.14105293453794,
    77.79654063521185,
    12.820660715486556,
    26.925375327821353,
    70.89545532608015,
    94.87656538272907,
    71.44371386338112,
    43.11268037988159,
    94.33311300454828,
    43.79936536559199,
    22.481451757269483,
    48.94124969243408,
    94.82584116808913,
    73.25029711878493,
    58.75338548080793,
    88.55311764355248,
    19.587333378281297,
    36.13487234933987,
    46.28831988372759,
    3.8102512491475258,
    67.81568821025438,
    9.057223783634413,
    69.40054732377196,
    69.05814981987453,
    17.76725000489716,
    69.3891193175255,
    54.29412420198731,
    56.64587028383897,
    48.35951975355277,
    86.78384064646885,
    87.1529168588528,
    16.293626311367404,
    44.41303827762665,
    72.54214351988273,
    65.27544565184535,
    83.76539697843144,
    37.758851083026165,
    83.28806354817654,
    38.71114825807729,
    80.39196881185251,
    61.18831706070172,
    34.618144326274816,
    11.16011111479028,
    82.52361006253435,
    91.53132556289272,
    23.173136361299257,
    21.99688013144395
  ],
  "due_dates": [
    160.30146423160562,
    122.77171488300348,
    155.79245917509462,
    95.20479547943296,
    169.25089438443723,
    45.03254266862755,
    125.87157743181973,
    215.80793402958722,
    292.2868636214147,
    172.47497141968702,
    162.18100723207695,
    213.6987873583334,
    218.13991678733572,
    133.95250369854813,
    141.364732185205,
    256.77901685893704,
    203.48942345047772,
    212.03860549692365,
    204.88761635584416,
    120.92481584227903,
    126.33862309031673,
    87.21212925398859,
    92.68284568817826,
    105.18983677799996,
    135.2955311721901,
    226.13145312919175,
    214.96355872628646,
    103.7005570443275,
    260.25806881387706,
    163.44128899782123,
    220.2030409500673,
    156.53619722385912,
    262.5425800739417,
    208.28292832754312,
    178.38876826067207,
    177.38225039474713,
    147.76996693037455,
    190.34793823176113,
    125.71700990027007,
    141.18980873342736,
    193.56434387218235,
    62.9540764052469,
    200.45736155723148,
    178.47883945703362,
    72.81019157854539,
    109.35256435116825,
    222.1335077258629,
    280.64518752342605,
    81.357132060399,
    175.48090821152908
  ],
  "release_dates": [
    108.47147476686763,
    18.665651435902117,
    81.95016219993875,
    76.637678465709,
    37.91135666250521,
    32.11253925395018,
    76.93666846963791,
    71.86796222342612,
    124.8122441106005,
    38.56769002458865,
    61.64917732969999,
    58.41637690941275,
    145.86055785026093,
    104.36783614119058,
    34.667735453340725,
    101.79952377935705,
    115.57201178003264,
    123.90627869063958,
    107.27911470627976,
    80.93308947931203,
    59.85164845090005,
    28.48056783867417,
    87.49045321281743,
    16.427508986834948,
    119.52179867883524,
    69.28188456521055,
    136.28590981218497,
    83.12224779352665,
    121.09556236207585,
    81.01552677749271,
    114.9780644409887,
    106.19328273599623,
    83.88517189541054,
    95.72911225928719,
    155.97875475265872,
    74.83203198055644,
    49.72025586156043,
    79.32469684354503,
    25.3258571163653,
    87.01307655914421,
    51.78960515850688,
    9.128447695739496,
    96.93044746193519,
    33.273937008004395,
    2.497952156169994,
    93.14625181793653,
    68.35093641779591,
    157.03018815721595,
    23.990965262495667,
    129.97391236577272
  ],
  "weights": [
    10.0,
    6.0,
    3.0,
    10.0,
    1.0,
    1.0,
    6.0,
    8.0,
    5.0,
    5.0,
    5.0,
    7.0,
    7.0,
    6.0,
    2.0,
    4.0,
    7.0,
    1.0,
    5.0,
    4.0,
    9.0,
    5.0,
    3.0,
    5.0,
    1.0,
    9.0,
    2.0,
    4.0,
    7.0,
    4.0,
    3.0,
    10.0,
    8.0,
    6.0,
    3.0,
    10.0,
    5.0,
    4.0,
    6.0,
    10.0,
    9.0,
    9.0,
    7.0,
    4.0,
    4.0,
    9.0,
    6.0,
    9.0,
    10.0,
    7.0
  ],
  "failure_rates": [
    0.05726998640586816,
    0.05134564313385245,
    0.04288758703306306,
    0.04003711464935027,
    0.04375856311537385,
    0.05105539490742135,
    0.044294313319096966,
    0.05072022351075987
  ],
  "repair_rates": [
    0.19546283364472353,
    0.21794121901871877,
    0.21386680526890867,
    0.20034057278285622,
    0.1860488422644192,
    0.19348558299018476,
    0.21960639648265592,
    0.20239619599965666
  ],
  "weibull_shapes": [
    1.0,
    1.0,
    1.0,
    1.0,
    1.0,
    1.0,
    1.0,
    1.0
  ],
  "weibull_scales": [
    17.461153088339746,
    19.47584914640391,
    23.31676993693015,
    24.97682484759746,
    22.85266994173002,
    19.586568702745286,
    22.576261489730825,
    19.71600144443091
  ]
}