{
  "n_jobs": 50,
  "n_machines": 10,
  "processing_times": [
    52.35942671767897,
    75.19641233573805,
    28.934948427836858,
    24.721614548774507,
    8.970259864920617,
    16.242328634143387,
    54.848102548086246,
    26.944559553307155,
    99.64688330945522,
    22.56567526618487,
    52.53709488056228,
    26.83955124917608,
    64.85014391672846,
    8.040410713956389,
    75.50760628979472,
    62.65498405664779,
    86.59548245690327,
    38.995879385741944,
    9.352748335667801,
    74.00326470074894,
    99.38001524540498,
    32.96276778671802,
    39.344828479034305,
    70.4554215901813,
    26.86304242343136,
    69.64858381322975,
    70.20650118774304,
    66.96772216052,
    17.576565392835224,
    99.17796001260686,
    85.56236519873892,
    8.583635880330297,
    90.16177519005349,
    48.98589444528682,
    81.78211184301591,
    39.487678673548295,
    29.13409139451183,
    64.04665253818985,
    23.473537051789535,
    29.91670335741875,
    2.0519953888522577,
    24.161159296817434,
    65.92179247953842,
    53.38212459400465,
    19.33673435477971,
    11.314752935929263,
    11.955592007456238,
    86.74919033984985,
    70.63423849008838,
    69.4920106945433
  ],
  "due_dates": [
    58.36734108106541,
    214.94577266572261,
    96.03219083167647,
    120.91623440048417,
    83.86109072147964,
    26.05282890943029,
    101.29434517353643,
    87.35815064094032,
    198.32373620585943,
    144.976846061858,
    102.3884808939645,
    126.91235718452157,
    155.27615892570319,
    25.534924550597243,
    115.87251108695455,
    93.00801613697179,
    194.9310137248313,
    156.04558815001528,
    22.738466228759087,
    95.58895688561849,
    179.07323957658375,
    115.76316536862927,
    115.2753762833641,
    158.44354850646602,
    44.99601051756103,
    189.05821957651176,
    199.28133983417632,
    194.1998383720486,
    26.53719822695218,
    236.5216687516455,
    214.56122427350567,
    20.555549433031327,
    136.80229558441604,
    177.25430710020296,
    138.25206994522134,
    165.87834364370698,
    63.57896332635268,
    100.01476963649564,
    60.565034625192325,
    77.22286590145563,
    23.463411918148157,
    67.78467609936791,
    133.1844951408907,
    94.06956506788183,
    90.30063012774366,
    121.87861545077325,
    96.26158930501606,
    115.01733343250079,
    81.77602926768732,
    196.39061669051648
  ],
  "release_dates": [
    3.553805239026862,
    117.36806126277925,
    56.57564274042824,
    90.63385865497271,
    73.65832830715176,
    8.294360919027913,
    35.14228931073909,
    57.8393969021507,
    55.11359679834151,
    111.73097256294801,
    28.25362078819895,
    87.40425834935957,
    85.25002187731835,
    16.045585944410035,
    19.012112005397718,
    29.900618922422336,
    86.77074203389998,
    106.46875086876659,
    9.0463306037753,
    12.005927106060371,
    62.864751008374895,
    80.27133213000356,
    59.39980364916016,
    54.79101926690596,
    5.083388372275428,
    106.34856546034344,
    107.95028790889452,
    120.21442127439262,
    6.307464602021529,
    114.71631985229712,
    103.03142771067473,
    11.32639825522663,
    39.44022310175929,
    112.09769435614568,
    39.0868684511969,
    120.25880441163753,
    31.08867245776725,
    12.18376667110431,
    35.75019161793336,
    41.880944639695734,
    20.992978658704022,
    39.057254686260535,
    36.76421174246967,
    27.211763612056966,
    70.93492558002859,
    109.45571534362848,
    79.58134688161745,
    7.494202244700271,
    7.972532000175262,
    110.58452796352098
  ],
  "weights": [
    9.0,
    4.0,
    4.0,
    1.0,
    3.0,
    2.0,
    4.0,
    7.0,
    3.0,
    2.0,
    10.0,
    9.0,
    9.0,
    7.0,
    4.0,
    5.0,
    9.0,
    4.0,
    5.0,
    7.0,
    5.0,
    1.0,
    1.0,
    2.0,
    8.0,
    9.0,
    6.0,
    3.0,
    7.0,
    9.0,
    7.0,
    9.0,
    3.0,
    10.0,
    8.0,
    7.0,
    1.0,
    6.0,
    1.0,
    5.0,
    10.0,
    10.0,
    9.0,
    5.0,
    7.0,
    5.0,
    10.0,
    2.0,
    10.0,
    9.0
  ],
  "failure_rates": [
    0.054367607427270474,
    0.04438832094938635,
    0.04211023274673642,
    0.046518535585454684,
    0.047234950709577214,
    0.05716958508929187,
    0.043429999947738045,
    0.04133397182791754,
    0.05429080671754334,
    0.04388557164141184
  ],
  "repair_rates": [
    0.20892683847244975,
    0.19593327549637876,
    0.21514691097382552,
    0.19632682857677045,
    0.20641274854051203,
    0.18034484562096356,
    0.21477854978782693,
    0.1941894758713555,
    0.18689475471507544,
    0.18577098414550508
  ],
  "weibull_shapes": [
    1.0,
    1.0,
    1.0,
    1.0,
    1.0,
    1.0,
    1.0,
    1.0,
    1.0,
    1.0
  ],
  "weibull_scales": [
    18.393305266150186,
    22.52844844345987,
    23.747197172105416,
    21.496807399772873,
    21.170764126514545,
    17.491818393261433,
    23.025558397498518,
    24.19317466425005,
    18.419324752396125,
    22.786532397731555
  ]
}