{
  "n_jobs": 50,
  "n_machines": 8,
  "processing_times": [
    69.36613575195167,
    92.18849044738204,
    39.01050076306716,
    25.540529771469867,
    19.688492574710452,
    82.57404719733454,
    56.95771805360443,
    81.67873026878758,
    47.42908552992559,
    62.20452583815526,
    5.9506520631690885,
    48.405181804882645,
    97.2164612008018,
    99.37952377286645,
    63.67455231976226,
    90.130872855159,
    99.26579124066475,
    4.888583532237983,
    57.45176205539059,
    15.821311293314446,
    18.774405561180053,
    20.92493943595725,
    22.098461881449985,
    96.02240811946575,
    80.49447422255878,
    92.00288771199503,
    92.08928867006067,
    63.3207011566622,
    99.24381739933459,
    6.092774304964028,
    46.58153321589542,
    25.145670249480418,
    81.88951106207855,
    40.373137513561204,
    71.40656344825179,
    53.6069097635753,
    89.80819976498267,
    83.45282107473228,
    86.69344124515908,
    78.12822644024774,
    80.2716206815397,
    89.92683646770536,
    49.36604119439266,
    56.66292752832009,
    99.37429533937954,
    60.9495547488431,
    43.48531510078944,
    45.25023366633477,
    39.36028822615904,
    37.73316366423941
  ],
  "due_dates": [
    119.90572961100793,
    173.56491694352783,
    248.82619257190902,
    220.4001781420882,
    55.10260947041624,
    220.5499582058897,
    99.8072000190243,
    124.0606773360879,
    162.22595696993045,
    203.695227923515,
    83.14638620110853,
    143.11627979626667,
    206.2148277878239,
    167.66246725103312,
    261.9266463548741,
    199.25986605316922,
    258.39802706335456,
    131.4303137805154,
    220.43109704750333,
    127.87070069558135,
    97.45353394796646,
    200.80064400100386,
    82.09012419930849,
    345.06413243036684,
    143.39371869668625,
    148.41710763054317,
    179.58107942271698,
    242.3011686008079,
    197.8887309383519,
    30.134926329405438,
    176.18395454264999,
    70.76009526507906,
    257.62000558228317,
    162.3135326766265,
    176.9973647694501,
    194.69299618416903,
    133.5473065659838,
    233.08214551531464,
    295.2055269959732,
    163.57882757435019,
    198.75854583033237,
    312.64215922226686,
    100.49230395912045,
    211.35159577593035,
    342.46003379014496,
    197.27778736210587,
    202.10033395517206,
    171.63807573706325,
    99.00753761013416,
    170.53013905475578
  ],
  "release_dates": [
    14.418176473357017,
    76.0006612643472,
    186.24179335723758,
    176.21753823697932,
    21.517078849245603,
    81.62562411439391,
    31.820898723145724,
    38.85081660910656,
    101.43112682405253,
    84.0525644459301,
    74.69533448294425,
    51.524496927099136,
    50.85618104539228,
    57.76619623801354,
    141.6190836885942,
    83.49697801008499,
    128.70365696061992,
    122.8093647494808,
    133.8058436296985,
    107.54625434281867,
    68.1918732192779,
    171.77466958471558,
    49.99364715790721,
    171.42596682601285,
    53.03441264522843,
    27.627942774126073,
    79.19767385769656,
    144.19191921486893,
    58.17473624324056,
    22.49102583781885,
    128.5065518184057,
    37.64353051429377,
    120.26985204316505,
    83.52893168954944,
    78.37159373691203,
    89.9506331667731,
    0.8118148415041176,
    142.86006375293863,
    130.04009503107724,
    61.55992924443853,
    104.52717308763587,
    163.04045765337585,
    15.422215030693522,
    125.17602880911797,
    176.4698844779772,
    124.3002978520172,
    141.67582021413068,
    96.21231493517283,
    33.72739698571302,
    115.53746913558939
  ],
  "weights": [
    2.0,
    8.0,
    8.0,
    3.0,
    5.0,
    3.0,
    7.0,
    4.0,
    3.0,
    8.0,
    6.0,
    10.0,
    6.0,
    8.0,
    6.0,
    10.0,
    6.0,
    5.0,
    3.0,
    2.0,
    2.0,
    8.0,
    10.0,
    8.0,
    5.0,
    8.0,
    4.0,
    2.0,
    10.0,
    6.0,
    5.0,
    1.0,
    8.0,
    4.0,
    9.0,
    8.0,
    10.0,
    2.0,
    1.0,
    1.0,
    5.0,
    1.0,
    3.0,
    6.0,
    8.0,
    3.0,
    7.0,
    3.0,
    2.0,
    10.0
  ],
  "failure_rates": [
    0.05432758562092467,
    0.04904069872496989,
    0.05267996529974095,
    0.057182237806330805,
    0.0508375268256555,
    0.051945289263208266,
    0.04122641456483217,
    0.0502632230636289
  ],
  "repair_rates": [
    0.1987224801434313,
    0.20513322078753726,
    0.19906558057591892,
    0.197721046802146,
    0.21033667972373415,
    0.1813097325672025,
    0.21140940965444735,
    0.19938762113318198
  ],
  "weibull_shapes": [
    1.0,
    1.0,
    1.0,
    1.0,
    1.0,
    1.0,
    1.0,
    1.0
  ],
  "weibull_scales": [
    18.406855165211734,
    20.391226593409716,
    18.98254857060275,
    17.48794797760236,
    19.670508430306707,
    19.251023801849893,
    24.2562932177236,
    19.895262162835962
  ]
}