{
  "n_jobs": 50,
  "n_machines": 10,
  "processing_times": [
    35.80582786372749,
    3.5643372697960958,
    92.48948239419514,
    44.27693737906331,
    74.94621784248746,
    62.37640164840836,
    60.793251500567926,
    85.272622884778,
    4.122873661501971,
    54.77014875145896,
    70.21093898706401,
    21.058142852475953,
    92.60256392626906,
    63.713645335944804,
    57.004757409692914,
    7.106539345733264,
    94.30831425385463,
    98.81857933970807,
    91.31831704114994,
    42.39510979009717,
    25.677406612048568,
    68.72250118473492,
    83.50852718278689,
    11.821083813220154,
    36.74971336513555,
    51.791305727877685,
    97.30052542782937,
    43.55215333403652,
    46.624754714049935,
    17.807976288126614,
    76.5083383100391,
    10.635598824573053,
    87.99612335085784,
    51.66712174784312,
    8.578078262675948,
    32.86604458163248,
    61.81719784486104,
    17.55305191206578,
    77.51078676751531,
    95.15081627253338,
    44.92814283664787,
    37.97260808665747,
    63.39709601197765,
    80.8976340158131,
    59.23230876541587,
    49.94233634878629,
    46.39958051028212,
    76.60576119168206,
    62.63827484069675,
    24.218060672317904
  ],
  "due_dates": [
    168.82664414538553,
    88.6260715292349,
    225.18032236832207,
    125.11004090918651,
    201.1467110656624,
    159.08212281316156,
    158.4547524594265,
    111.63012651369422,
    67.42449142057136,
    164.8100479438055,
    142.47458454320662,
    140.1323579180916,
    188.1968230925339,
    180.2901464495518,
    107.65510456816783,
    17.896076634255966,
    157.6087680804419,
    150.21733847253415,
    173.90868589249294,
    100.29477495483346,
    41.719393849442206,
    256.04403330816683,
    241.27604350206477,
    41.9896846566009,
    72.39200111011647,
    194.29739510210717,
    238.13623871868953,
    168.236186923354,
    120.15345590013278,
    35.920990395805006,
    164.63155721054005,
    148.02839407601866,
    169.19347197568436,
    135.96940093280406,
    79.62795708668295,
    170.71854050005973,
    172.1907536566589,
    54.96767401742618,
    225.74722593262092,
    179.5286638263667,
    204.11015200720658,
    130.46053761229814,
    147.42102388807473,
    167.89003610224393,
    195.9907479947189,
    105.8172651700701,
    142.7892813855894,
    239.14030484201285,
    118.33370595970612,
    164.3708134761581
  ],
  "release_dates": [
    117.29201950381497,
    82.1821702406463,
    59.52831487241832,
    65.72939105930078,
    72.1388444790345,
    52.206858781646176,
    61.68851206388526,
    21.729218086326807,
    60.00260972062609,
    66.25471177911749,
    35.16327519538303,
    107.64402564188435,
    28.76698546628577,
    109.2997694703631,
    31.611223346229668,
    5.8196216443114555,
    51.60301166651276,
    41.427969304931594,
    42.38402973312574,
    33.89943269049194,
    3.5488671980501847,
    127.21213901306494,
    126.03672553696047,
    18.51766980542885,
    10.764415287562713,
    131.31016578350733,
    67.97818668993374,
    98.61106376831992,
    44.119888601285055,
    13.3899886786993,
    26.217975095512216,
    126.96049914692993,
    56.54561117079617,
    50.039926607786064,
    64.34679737768084,
    121.3947459488396,
    72.47473539390876,
    37.12119677298654,
    100.21282292347536,
    58.10338271017664,
    124.70444437360584,
    86.96446719159573,
    83.36039842962455,
    62.37787757810575,
    109.39575379688807,
    19.249186501257537,
    63.536873345032504,
    109.25691867059476,
    19.325700079621225,
    122.31365614937577
  ],
  "weights": [
    9.0,
    8.0,
    10.0,
    2.0,
    6.0,
    7.0,
    10.0,
    4.0,
    6.0,
    1.0,
    7.0,
    7.0,
    9.0,
    5.0,
    4.0,
    1.0,
    2.0,
    1.0,
    6.0,
    9.0,
    10.0,
    10.0,
    7.0,
    6.0,
    9.0,
    1.0,
    6.0,
    10.0,
    8.0,
    4.0,
    4.0,
    9.0,
    3.0,
    3.0,
    6.0,
    2.0,
    2.0,
    2.0,
    9.0,
    2.0,
    3.0,
    4.0,
    6.0,
    1.0,
    1.0,
    1.0,
    6.0,
    7.0,
    9.0,
    2.0
  ],
  "failure_rates": [
    0.057826695419635234,
    0.04983975788334889,
    0.047166313253977674,
    0.04349783546408012,
    0.05693446973029947,
    0.050222595705317744,
    0.04495772329474777,
    0.05252390024555949,
    0.040393991794742505,
    0.05053987230535589
  ],
  "repair_rates": [
    0.19219578786398697,
    0.1992194163229779,
    0.21396206511282678,
    0.21995655998312624,
    0.1900122880283931,
    0.212302442485727,
    0.1857523401151201,
    0.18360387024332978,
    0.18836338538806147,
    0.19998786874259838
  ],
  "weibull_shapes": [
    1.0,
    1.0,
    1.0,
    1.0,
    1.0,
    1.0,
    1.0,
    1.0,
    1.0,
    1.0
  ],
  "weibull_scales": [
    17.293051120131047,
    20.064302927404327,
    21.201572287731587,
    22.98964969936919,
    17.564052229467215,
    19.91135635178085,
    22.243119239911017,
    19.038951702459354,
    24.756156932481115,
    19.786357867271985
  ]
}