{
  "n_jobs": 50,
  "n_machines": 8,
  "processing_times": [
    17.49127571619794,
    80.65617102387623,
    98.96743217502173,
    21.125120764362922,
    52.80563731670899,
    70.15270422477796,
    50.27457625451252,
    9.507316245032602,
    19.7351372470183,
    98.57633789502137,
    62.44837212355451,
    56.29323593161034,
    56.24220424615098,
    26.753133588713858,
    90.43203776707968,
    30.3342021300635,
    31.06436760406961,
    32.80592944628185,
    20.066588882974006,
    46.806410367941346,
    9.668914347050686,
    57.33701830271235,
    64.5454261442712,
    98.0025749157722,
    51.72781548611387,
    20.385470057128938,
    53.81199057255946,
    66.21613279803333,
    31.909893597764885,
    91.97053190324756,
    68.50862955343378,
    85.30009964354849,
    75.60262574504492,
    96.21538324779847,
    77.06083933067438,
    10.309191323169134,
    98.46344618050122,
    80.48165976029355,
    90.17620823269796,
    68.64427660060326,
    98.14038678913387,
    25.079640581341494,
    14.776995913134556,
    67.90627047983554,
    16.378604223013596,
    29.260854928160942,
    29.011725712326403,
    95.24067020697237,
    29.258185872139023,
    59.67887982374522
  ],
  "due_dates": [
    67.21277560925489,
    202.7493524577311,
    360.71482952085057,
    73.94755230115489,
    130.9869025361533,
    230.85293516515662,
    185.83967058670768,
    67.4896511978879,
    188.51691355304854,
    288.87820603002706,
    193.36789897384097,
    117.23764629284605,
    214.58137254487912,
    147.38742225509708,
    231.695843190627,
    82.59853058080819,
    101.8555991566799,
    189.49738865230563,
    65.48651109418783,
    207.84864407805367,
    147.07593855530683,
    179.97183105998957,
    322.41562454066064,
    282.80578598513006,
    145.30300318235908,
    157.91553191741392,
    98.13000405054548,
    261.2028393537516,
    227.89648055625815,
    278.51964915895496,
    285.59314252144003,
    166.07552383792984,
    295.8138082694518,
    312.21478942370123,
    186.9589172173267,
    66.8582284173452,
    275.93209014156446,
    214.0642763209447,
    169.5955417770183,
    136.6233260479884,
    332.1248992356309,
    132.57878703314316,
    108.89643221767477,
    264.94115621231913,
    33.545334382917986,
    66.72927253342276,
    192.29885984887744,
    215.22090260330685,
    174.51381781086693,
    126.62165529289481
  ],
  "release_dates": [
    30.045091125150314,
    114.88364024473766,
    170.32910537404123,
    43.34762630545548,
    4.03551804692865,
    58.65734388255579,
    106.44251577186027,
    57.01530393277309,
    150.25284308442497,
    146.76041807085207,
    86.20790876397511,
    53.27868302728516,
    100.15586916422527,
    92.13077656807776,
    11.803473337615534,
    27.74767886163655,
    26.317180251289567,
    124.0573807896285,
    44.512270351752846,
    160.99344956280578,
    136.75855828263528,
    110.84467215182428,
    168.8905979725179,
    110.27389962094392,
    28.633277168403623,
    129.15579237335126,
    1.5036480438413211,
    153.61038403655724,
    150.25661057893214,
    161.88611184439915,
    115.15464052614148,
    54.35744579391855,
    119.7952870052418,
    102.51489028772961,
    78.5124337767059,
    48.40729788518637,
    119.86631834115873,
    122.31964505817396,
    77.30490361134385,
    48.272429778519864,
    153.22120835338066,
    83.75033818975876,
    74.01091435493768,
    154.45621531390316,
    12.03430515919764,
    3.306584852205054,
    121.63659568982969,
    97.16450912053656,
    121.44866507843406,
    20.025615053179752
  ],
  "weights": [
    5.0,
    8.0,
    2.0,
    10.0,
    8.0,
    7.0,
    1.0,
    8.0,
    7.0,
    1.0,
    7.0,
    5.0,
    5.0,
    3.0,
    6.0,
    1.0,
    9.0,
    4.0,
    9.0,
    1.0,
    3.0,
    1.0,
    1.0,
    7.0,
    2.0,
    10.0,
    10.0,
    3.0,
    5.0,
    1.0,
    1.0,
    1.0,
    5.0,
    8.0,
    10.0,
    8.0,
    3.0,
    4.0,
    4.0,
    6.0,
    3.0,
    8.0,
    6.0,
    7.0,
    7.0,
    5.0,
    7.0,
    9.0,
    1.0,
    2.0
  ],
  "failure_rates": [
    0.05547696635911287,
    0.059105482965569944,
    0.05332006991433802,
    0.04898112555125291,
    0.0530578534282978,
    0.05427571388571624,
    0.05794341889834444,
    0.04388888414218413
  ],
  "repair_rates": [
    0.21948402631368805,
    0.18589771484706596,
    0.1878137595910928,
    0.19070025097228074,
    0.19339673623354922,
    0.216217940650211,
    0.18290500969837997,
    0.20153673453713852
  ],
  "weibull_shapes": [
    1.0,
    1.0,
    1.0,
    1.0,
    1.0,
    1.0,
    1.0,
    1.0
  ],
  "weibull_scales": [
    18.025498970632448,
    16.918904132506942,
    18.754664080646588,
    20.41602737269929,
    18.847351247471714,
    18.424446744369224,
    17.258215324753163,
    22.7848125908228
  ]
}