{
  "n_jobs": 50,
  "n_machines": 5,
  "processing_times": [
    97.01938908042479,
    93.47203139291683,
    13.2668053273962,
    1.2237144946716716,
    56.63378420970357,
    53.73095592293538,
    89.38646987877081,
    60.24064983569639,
    35.543997229294064,
    27.500411228908938,
    22.100379983671274,
    38.1453532166411,
    6.54260424951612,
    26.020133037768808,
    22.24290534338284,
    24.471923586697653,
    88.76153073121608,
    97.62352868547097,
    6.397887042035127,
    9.579151293258652,
    82.66847499489639,
    33.965623674531194,
    60.16847057564179,
    95.78547149845683,
    29.513513149329746,
    40.17081522942484,
    73.91894847705936,
    53.46994440333608,
    60.66460285507458,
    44.675448281543424,
    78.62052750454814,
    89.37510772543841,
    58.0590938453683,
    48.778429804473845,
    60.75033374104977,
    29.984545230766827,
    43.57538432992856,
    58.250125388472355,
    68.57251266658865,
    71.05053987512096,
    92.09007334795845,
    87.33943941478368,
    91.18129994605594,
    2.641672588087544,
    33.106040973430744,
    9.928101921776605,
    49.94751461893744,
    76.18099945202059,
    52.57264040552414,
    38.637079413202585
  ],
  "due_dates": [
    316.508959292345,
    259.59364151384796,
    234.08504150990265,
    113.71173062014158,
    206.41576056674705,
    162.80843304830256,
    190.78635007943987,
    204.8150913554406,
    171.71940621986374,
    169.93173451987235,
    45.71361645613845,
    94.84531402241795,
    136.67101442679672,
    184.97079220921012,
    282.18709939496387,
    220.63520134828187,
    235.69583763263768,
    322.4745591591505,
    113.11085888269866,
    86.15397023290107,
    236.5052749355288,
    253.5164091778738,
    345.958715088237,
    292.63476620773883,
    199.44451334769727,
    195.3166819470317,
    261.75493055993843,
    188.38439575451173,
    208.11827943682616,
    189.39644070855712,
    334.1759184733974,
    440.46018596353537,
    130.91846681516418,
    288.12696636804657,
    123.71264960078986,
    81.66219287113209,
    280.0933457530021,
    280.784899203916,
    307.88206471754916,
    272.1890654863231,
    274.7732516480731,
    288.0277429557288,
    202.24724870043872,
    169.78212052415017,
    232.75678104411963,
    45.44896389634175,
    178.19236536996164,
    220.6425738725681,
    121.69719152228905,
    166.70146478976352
  ],
  "release_dates": [
    216.60566166077948,
    132.6291658345124,
    212.15809573995185,
    111.87286307068068,
    145.4446391582977,
    89.08205390958506,
    16.340661455670745,
    63.313400044508,
    135.2083221326305,
    125.22642955506845,
    11.435190936315617,
    50.53977745123284,
    124.33639164081231,
    149.19568288386083,
    235.32391745992055,
    188.10629634919093,
    129.89140639993465,
    211.89207841561563,
    105.94685514873188,
    62.58494519383971,
    29.99179651374214,
    188.43766991239684,
    208.81414701224085,
    108.83303848326355,
    145.06764496563588,
    115.06426381268511,
    140.05268365852228,
    98.42187684987695,
    127.9716343716989,
    84.16140029988689,
    160.7235002357797,
    222.52445025303965,
    13.863932399291732,
    181.45677997832325,
    31.249913449568545,
    10.697204623703609,
    224.01873074739717,
    168.7825649547911,
    190.99632250265537,
    105.43826905639747,
    90.65550525525414,
    149.06637222499398,
    86.93017828409565,
    165.87338939889776,
    159.70996766091022,
    25.257155472470135,
    109.43395368194506,
    139.547293619769,
    53.53614849443253,
    100.38235165675732
  ],
  "weights": [
    3.0,
    7.0,
    8.0,
    9.0,
    8.0,
    8.0,
    9.0,
    8.0,
    4.0,
    9.0,
    5.0,
    1.0,
    8.0,
    3.0,
    8.0,
    10.0,
    6.0,
    2.0,
    6.0,
    9.0,
    1.0,
    1.0,
    8.0,
    1.0,
    8.0,
    8.0,
    9.0,
    5.0,
    9.0,
    7.0,
    10.0,
    10.0,
    8.0,
    10.0,
    2.0,
    9.0,
    5.0,
    2.0,
    10.0,
    10.0,
    2.0,
    8.0,
    7.0,
    1.0,
    10.0,
    10.0,
    1.0,
    10.0,
    6.0,
    6.0
  ],
  "failure_rates": [
    0.053964524779259684,
    0.05389901500891131,
    0.05314179373517724,
    0.04922928118600014,
    0.045815039389420956
  ],
  "repair_rates": [
    0.20162807405415561,
    0.20234592318102093,
    0.18665350266417713,
    0.20665188441391003,
    0.20768627617704163
  ],
  "weibull_shapes": [
    1.0,
    1.0,
    1.0,
    1.0,
    1.0
  ],
  "weibull_scales": [
    18.530692229579913,
    18.55321474492004,
    18.817580847634233,
    20.313113982342298,
    21.826893817555195
  ]
}