{
  "n_jobs": 50,
  "n_machines": 5,
  "processing_times": [
    24.966387504601173,
    70.73027611743434,
    55.69867659123154,
    37.68025840816432,
    6.75119681117007,
    31.971990700733123,
    4.252172742907879,
    66.8844782043534,
    8.06210850890198,
    52.33376312258846,
    98.93561038014646,
    78.56958017244413,
    29.74391205862812,
    23.282598528864415,
    49.167718818253135,
    50.07654047419368,
    60.49375066032072,
    42.48540199828417,
    7.285687273466383,
    50.821898613815684,
    46.60277379912281,
    56.42127857132425,
    65.2719850757384,
    87.40104991278488,
    37.995410790746575,
    32.30507804568204,
    67.05161851286843,
    23.510005674615947,
    82.20575763699452,
    35.82412712420106,
    3.0207725292547707,
    96.44035061838338,
    29.630980054673955,
    50.81073935573987,
    26.320248995578503,
    10.124577582759551,
    60.3000526795142,
    77.19302259178883,
    8.04301609487063,
    28.06713171164665,
    86.04431029124649,
    70.42193085931454,
    32.752023438398055,
    85.86248580169396,
    25.601737183573018,
    13.103852090323825,
    98.04632206303515,
    84.10474185505389,
    35.325597656467856,
    57.52498175636847
  ],
  "due_dates": [
    100.37841603765571,
    161.04381585557917,
    249.94878742241372,
    120.73513414128091,
    79.18918202744452,
    182.70381210668856,
    10.17990697431237,
    121.77154720476696,
    34.304800353236736,
    222.21288637708994,
    257.68925471596253,
    235.85146726672872,
    139.36791396345558,
    143.5059921041493,
    97.30782880117984,
    230.30253467003877,
    215.0424500345089,
    129.74451382579045,
    188.89693804118008,
    134.42243096278324,
    296.1939937634481,
    219.31801771808867,
    177.79091920706458,
    264.9573458153644,
    213.05536570188383,
    174.97791137853278,
    273.46633087550845,
    81.16753047326111,
    264.87834325083395,
    222.72671236929546,
    237.5154198304717,
    123.16908267623936,
    204.9327145699301,
    91.36208406606323,
    156.67461371851172,
    69.2062361362187,
    176.02312200602805,
    167.30959060059698,
    202.37065033296074,
    125.66654204794143,
    195.73368897494802,
    171.43314860962295,
    139.07159937700376,
    262.3086915556281,
    82.08737933609032,
    185.9845630421392,
    183.35567732895294,
    296.9148746148316,
    264.5809918505512,
    256.7344363631895
  ],
  "release_dates": [
    59.77624160635689,
    43.82363459310406,
    158.04089137683223,
    72.49871326580377,
    69.16066846822126,
    135.03359068272994,
    2.9906235075077223,
    8.90445935124536,
    24.453966819428707,
    145.29005321810126,
    107.61856337300858,
    135.30102389856216,
    103.95754220923166,
    98.49981192146123,
    28.90599379498627,
    159.87506578801091,
    146.5432590241968,
    52.691969193307365,
    176.4768826339774,
    40.726805733891524,
    206.87999624214447,
    160.92125446793654,
    56.78479634924855,
    94.77317410548079,
    160.2526270301819,
    120.69806547841013,
    199.73595659042905,
    39.92749354016474,
    106.04354335285754,
    182.74123616378392,
    234.39978022876764,
    14.04088717391388,
    163.74114512492355,
    0.6703298588353349,
    119.93042038166352,
    51.39632745592632,
    99.93557054244047,
    86.8012992950356,
    190.39488031409246,
    76.70550092357044,
    79.40387098063897,
    85.66652996508532,
    82.88293518876002,
    148.23798704670486,
    56.296812907449855,
    163.43529188199128,
    84.42571795436132,
    146.0840390840557,
    225.75923221407902,
    156.0222608316395
  ],
  "weights": [
    3.0,
    8.0,
    5.0,
    4.0,
    1.0,
    8.0,
    9.0,
    7.0,
    8.0,
    10.0,
    3.0,
    4.0,
    6.0,
    10.0,
    3.0,
    3.0,
    7.0,
    8.0,
    6.0,
    7.0,
    9.0,
    7.0,
    4.0,
    10.0,
    9.0,
    1.0,
    7.0,
    9.0,
    6.0,
    6.0,
    2.0,
    7.0,
    5.0,
    5.0,
    7.0,
    7.0,
    2.0,
    1.0,
    6.0,
    1.0,
    8.0,
    4.0,
    5.0,
    5.0,
    6.0,
    4.0,
    6.0,
    6.0,
    8.0,
    8.0
  ],
  "failure_rates": [
    0.0413341907372803,
    0.04939213662941834,
    0.05824668657793916,
    0.042528635145686354,
    0.05759936696819317
  ],
  "repair_rates": [
    0.21923267267252777,
    0.21064162054685065,
    0.20130843293200995,
    0.20702960813349397,
    0.18159122026785232
  ],
  "weibull_shapes": [
    1.0,
    1.0,
    1.0,
    1.0,
    1.0
  ],
  "weibull_scales": [
    24.19304653515512,
    20.246137710195597,
    17.168358558248848,
    23.513569071153913,
    17.361301914172216
  ]
}