{
  "n_jobs": 50,
  "n_machines": 10,
  "processing_times": [
    87.27051880011312,
    75.74998050984082,
    9.386524408643885,
    5.857314444503413,
    45.592163030558915,
    55.623409154826746,
    71.91273907496915,
    59.35162604209344,
    36.289206932467145,
    62.75283372669828,
    7.48724455443474,
    32.02839863592964,
    19.597642423335582,
    76.71847321913805,
    48.904913989165195,
    31.887503677381062,
    23.498026826486335,
    97.34780700062369,
    30.142282348549205,
    86.489208816087,
    75.27900781218304,
    26.474493870247905,
    77.09959577179785,
    71.16344294087958,
    3.004326095133699,
    66.47325452525904,
    95.09712939644662,
    46.32524966669679,
    91.97142297979718,
    94.86189158146217,
    62.08331581319296,
    1.9198953218705364,
    86.37721832765581,
    37.709072721793504,
    94.4370141991292,
    96.66377411453563,
    20.22434711806278,
    83.74850365994862,
    22.661303642380638,
    61.889948263624156,
    72.97938110548242,
    91.52279437511149,
    52.409437195722845,
    27.19575796022936,
    10.105069267368338,
    45.37093775144009,
    26.908792224549913,
    23.565035601704803,
    88.06971019317368,
    12.897407470149037
  ],
  "due_dates": [
    118.18601701358327,
    118.36938605594685,
    74.6950936122507,
    83.30699536344594,
    158.03196450069458,
    86.12346735120832,
    106.67673592024211,
    117.25983037107231,
    148.79014812349902,
    176.50313383886797,
    110.43779585897275,
    102.41259028097332,
    54.48376891790696,
    206.1489135073914,
    187.69211903706014,
    140.2488944049851,
    111.6918221399031,
    173.85830324924555,
    99.50164452275268,
    150.13762443852028,
    123.69250515612949,
    98.51873622202423,
    151.57902901588838,
    162.5114520765929,
    107.62111609257089,
    200.74663834125732,
    175.07208042481906,
    76.34838152068448,
    204.9413897857887,
    124.31832427759255,
    95.62915640359708,
    107.43517420291113,
    232.98224797443268,
    107.1760912235882,
    172.59383063325947,
    150.98997923874018,
    97.35016763351665,
    222.95562389232384,
    31.387879411663498,
    162.00748500896253,
    157.76320210740406,
    262.1389543694153,
    99.206308140527,
    94.71793333056017,
    106.96531541378612,
    176.2549111390779,
    101.80286262689025,
    31.036953282064793,
    154.87424411589737,
    142.8083802144511
  ],
  "release_dates": [
    17.070987966541292,
    12.70754019645442,
    62.912357681504076,
    75.08859971107763,
    109.3624954096751,
    26.482044825371407,
    24.546637357248784,
    45.93630291455489,
    98.82346841007163,
    90.66836386420063,
    100.90161829680224,
    55.45431549949339,
    29.85376870962351,
    95.56313341492267,
    131.02118883158758,
    97.80213280599168,
    82.79872237020793,
    67.66842306242006,
    67.8487293513385,
    33.89741189041747,
    29.069949421339867,
    70.52343061722485,
    44.68406083077637,
    91.22963615637187,
    104.39324852195111,
    109.81016516282583,
    39.08111873765543,
    7.951690112295866,
    102.71267126241943,
    8.717911779229079,
    31.369966694263756,
    105.10399330923593,
    110.83041264340704,
    52.055180832571544,
    37.76701408928948,
    25.814819898273367,
    70.8093922722003,
    122.809169372848,
    8.611449872430402,
    77.64187619803216,
    55.4599789625084,
    126.77181497525228,
    32.45032242938738,
    63.574542142464956,
    94.47542100972903,
    129.08907013619879,
    73.83314211598623,
    5.181028817616665,
    24.01853632300443,
    127.62173769848218
  ],
  "weights": [
    1.0,
    9.0,
    8.0,
    7.0,
    10.0,
    8.0,
    1.0,
    8.0,
    6.0,
    1.0,
    6.0,
    4.0,
    10.0,
    4.0,
    1.0,
    1.0,
    4.0,
    8.0,
    6.0,
    9.0,
    9.0,
    5.0,
    9.0,
    5.0,
    5.0,
    1.0,
    1.0,
    1.0,
    6.0,
    4.0,
    8.0,
    9.0,
    2.0,
    6.0,
    6.0,
    3.0,
    5.0,
    2.0,
    5.0,
    8.0,
    8.0,
    1.0,
    10.0,
    9.0,
    6.0,
    2.0,
    2.0,
    3.0,
    1.0,
    9.0
  ],
  "failure_rates": [
    0.04533351708663919,
    0.05662716977293711,
    0.04541630450086401,
    0.05272619692472082,
    0.056550777309577874,
    0.04878264532698522,
    0.04513856385108335,
    0.05296306423663491,
    0.057996366064898525,
    0.04458281365166389
  ],
  "repair_rates": [
    0.18427056190724667,
    0.19651244248038693,
    0.21111005743330372,
    0.20170576238262874,
    0.21968940843283927,
    0.19117770487896726,
    0.1817290432588869,
    0.20438482434283817,
    0.19330930646052924,
    0.18489265376612649
  ],
  "weibull_shapes": [
    1.0,
    1.0,
    1.0,
    1.0,
    1.0,
    1.0,
    1.0,
    1.0,
    1.0,
    1.0
  ],
  "weibull_scales": [
    22.058734116941537,
    17.659367473419334,
    22.01852420601451,
    18.965904205602726,
    17.68322289410215,
    20.499093341435245,
    22.154005681241884,
    18.881082777463114,
    17.2424596203319,
    22.43016799731927
  ]
}