{
  "n_jobs": 50,
  "n_machines": 10,
  "processing_times": [
    6.386853394305591,
    41.94850981952877,
    36.21114978750304,
    22.504348684695838,
    81.32763844036664,
    63.31686082868818,
    44.225279020764106,
    55.49128001824739,
    32.96502275349086,
    12.264834785076488,
    16.224562158861858,
    84.60504960180788,
    58.230662991766536,
    9.520446928670024,
    29.462872533813343,
    54.10362805533709,
    70.84197952334591,
    17.67699579987011,
    85.3849523054634,
    67.37128610941733,
    29.36352983226011,
    15.23951353198719,
    63.986223183055,
    40.84884846823855,
    37.22370831728992,
    3.2190197289025395,
    17.161344668580327,
    15.923801565504256,
    83.12917165579896,
    90.97181049859427,
    42.61496347025831,
    5.008480203013951,
    23.053843493346506,
    66.14625814540435,
    8.211745987725468,
    81.50721566022646,
    80.74015321840066,
    62.69919728850025,
    77.05659019940134,
    42.608355596288554,
    89.48804072547206,
    51.155386855495884,
    65.48877441406536,
    99.82754366440048,
    80.52391987055766,
    94.46134966230206,
    97.42312122953919,
    25.843131247524223,
    90.07940976477637,
    40.82950763523479
  ],
  "due_dates": [
    99.26790725882411,
    169.68547414734257,
    143.59638359761541,
    117.179342728617,
    131.9794635498831,
    88.28650153209045,
    111.88378282862978,
    97.3122196935544,
    164.02082121804517,
    97.94770512471376,
    116.59837376357879,
    199.383486200572,
    111.03900950657021,
    29.471759874761883,
    57.86508324180576,
    71.51288481433443,
    196.1886165129872,
    144.66682964817363,
    133.9843501822449,
    186.46875161703582,
    89.05550826547864,
    64.38560495463356,
    182.03020504891327,
    165.97429031680826,
    109.96114340057788,
    120.40869430534377,
    141.97445447824367,
    83.19155191170532,
    203.0892795693584,
    213.83863282935846,
    88.31116816659463,
    121.078543669343,
    100.80873815323852,
    181.99720481815996,
    25.049747797389138,
    188.06130078075424,
    121.99596298393828,
    97.28502057645869,
    137.38872308052447,
    156.36725578379895,
    211.90410847154155,
    170.2178320130108,
    100.9674321028485,
    198.4845267384743,
    143.14712197000978,
    156.6872212082298,
    142.43163830226112,
    105.75401651515799,
    185.1656396225635,
    149.84218880044952
  ],
  "release_dates": [
    89.77622240013986,
    106.92908815425035,
    99.06261505167778,
    90.79443682469,
    39.13070476602433,
    24.21895843730119,
    57.77948288766871,
    39.075369227893376,
    118.35103539508455,
    82.86543030579875,
    94.4976790600422,
    93.78517706840894,
    47.07697135734468,
    15.422220736525551,
    17.560915416095167,
    15.876693109724807,
    125.29073682171439,
    122.32193932041392,
    30.73745924234343,
    114.82258951568903,
    49.21480699250165,
    46.742318242099564,
    89.36428232147158,
    109.9837984994687,
    56.02022603596956,
    115.92087363195834,
    121.02422187730731,
    60.21770836633715,
    110.18476670291597,
    84.66523284801706,
    31.644050963974205,
    113.99798337407685,
    66.75775525546035,
    111.15830420118263,
    15.274910466424652,
    86.76323616089175,
    1.8970451878574366,
    16.594496111995653,
    33.24394849263059,
    113.59326795681697,
    121.5106813792633,
    111.90015167969104,
    29.749834647992643,
    95.43804276684384,
    24.996173869484522,
    32.25192907187874,
    27.769694093989223,
    71.49181224253525,
    66.54794050929853,
    107.32565610889546
  ],
  "weights": [
    9.0,
    10.0,
    10.0,
    8.0,
    7.0,
    2.0,
    5.0,
    7.0,
    2.0,
    3.0,
    7.0,
    6.0,
    1.0,
    5.0,
    3.0,
    10.0,
    8.0,
    1.0,
    9.0,
    9.0,
    7.0,
    6.0,
    6.0,
    9.0,
    8.0,
    5.0,
    1.0,
    4.0,
    10.0,
    3.0,
    3.0,
    3.0,
    8.0,
    10.0,
    5.0,
    1.0,
    9.0,
    3.0,
    3.0,
    2.0,
    10.0,
    1.0,
    4.0,
    9.0,
    9.0,
    6.0,
    2.0,
    4.0,
    9.0,
    4.0
  ],
  "failure_rates": [
    0.05536776986521991,
    0.05137353885177787,
    0.0508169827864891,
    0.04225415944946717,
    0.052865803537860835,
    0.055313234531412514,
    0.05652168484987783,
    0.05299194727264683,
    0.05061206942898418,
    0.05686479107301304
  ],
  "repair_rates": [
    0.19204591066513388,
    0.1981181069698307,
    0.18376642016029113,
    0.18836940404852998,
    0.18075526640124595,
    0.21089771820261902,
    0.18709551154982912,
    0.20803161646041182,
    0.21416330600152467,
    0.1834261372701561
  ],
  "weibull_shapes": [
    1.0,
    1.0,
    1.0,
    1.0,
    1.0,
    1.0,
    1.0,
    1.0,
    1.0,
    1.0
  ],
  "weibull_scales": [
    18.061048917705552,
    19.465273803410437,
    19.67846072643797,
    23.66630914042736,
    18.915819548336785,
    18.078855964065845,
    17.692324683101894,
    18.870791723409187,
    19.758133016140352,
    17.585574151077488
  ]
}