{
  "n_jobs": 50,
  "n_machines": 8,
  "processing_times": [
    96.14425027606472,
    82.56348838663726,
    90.7091122782415,
    19.99244081022142,
    49.370571780027795,
    91.6323764557779,
    10.61021731609457,
    38.51849867484998,
    29.902019672425865,
    64.52213018830045,
    15.767191634614981,
    85.17950673582541,
    61.52841042557469,
    52.66434616643227,
    23.028242519544715,
    2.73602645196303,
    58.482460054170296,
    82.86035939308275,
    40.37999183019909,
    7.0133233867886196,
    38.36595898181527,
    96.20348565571572,
    15.086276233308306,
    72.49282670299377,
    95.96361126551541,
    28.24965507726839,
    93.2031716147052,
    64.25312604021775,
    5.957618008528316,
    23.953804792364362,
    20.146912541139308,
    5.579464597854943,
    45.382465827492446,
    21.423657359372232,
    21.800664950964116,
    67.58588571311942,
    66.27552750240686,
    71.07435196949996,
    7.068527096699914,
    28.449068267604424,
    18.801131969551125,
    3.92258970032577,
    69.63084116325804,
    69.11488656488721,
    40.14817989797349,
    36.06567914793838,
    48.48966262395316,
    56.78716980358019,
    98.06452789124869,
    8.18419462909673
  ],
  "due_dates": [
    169.89026762683446,
    218.14044367269844,
    135.27263967086085,
    128.90847312889332,
    89.52964925880364,
    227.4394854887128,
    94.69877602838048,
    121.55117725848065,
    39.90642322146162,
    106.0471568239218,
    119.58293706438441,
    191.507184793797,
    154.4498301233304,
    167.09337015898336,
    122.73664567639348,
    69.23221963201559,
    172.72349897996332,
    195.2080933430797,
    150.90036534884467,
    52.58256905713321,
    154.58557849411616,
    172.55613453301652,
    146.36822996842238,
    191.41965236654613,
    166.4779195788084,
    126.2991233711063,
    232.5506699916013,
    198.36142238952925,
    30.555350339459356,
    132.943994324151,
    54.858800287633,
    71.75207709989603,
    71.26047655599,
    119.53869238331977,
    86.95863065447529,
    202.47210017574724,
    183.25410145922007,
    153.95205393199097,
    33.125408540513284,
    81.22273832059946,
    56.99927163984237,
    116.46717395703537,
    144.44685200278445,
    178.57291804609417,
    136.69633768254104,
    64.37616551384527,
    101.97738104289232,
    148.26923635213916,
    220.72326223653783,
    131.01169733983846
  ],
  "release_dates": [
    45.007760781302174,
    130.76671859375438,
    29.868082178820337,
    107.70626264396692,
    20.15483521169074,
    110.85431656677885,
    82.5559931187731,
    65.65628623400812,
    4.357449560499271,
    34.328111360977374,
    103.05108195237466,
    64.36984661629737,
    68.6266451442533,
    92.5909913813097,
    99.40913706424598,
    66.1810722105722,
    92.80641404706022,
    73.86107064637513,
    91.26370257008716,
    44.495340441644245,
    110.86596594132916,
    45.56243406226417,
    125.30734217374672,
    117.64506030193562,
    56.71950101564058,
    84.29285356055011,
    109.9721185984969,
    121.14495330556255,
    21.853036676997455,
    103.31282610856357,
    30.41150534955684,
    64.39688124075457,
    10.011530303499773,
    96.93426222865132,
    56.0550046712581,
    128.20897912864325,
    104.5489225292298,
    59.44749382776017,
    24.098844385388432,
    45.61849267974349,
    34.698491242004714,
    112.21122254317588,
    41.58146013077241,
    79.81416658434581,
    81.42231180727649,
    14.353001526076138,
    34.52240848104993,
    87.85435317518538,
    106.1651963622891,
    120.81328797312457
  ],
  "weights": [
    9.0,
    4.0,
    3.0,
    1.0,
    8.0,
    10.0,
    6.0,
    6.0,
    6.0,
    8.0,
    1.0,
    2.0,
    9.0,
    8.0,
    7.0,
    3.0,
    8.0,
    4.0,
    9.0,
    7.0,
    3.0,
    1.0,
    4.0,
    7.0,
    2.0,
    1.0,
    2.0,
    6.0,
    2.0,
    3.0,
    8.0,
    7.0,
    8.0,
    10.0,
    2.0,
    2.0,
    10.0,
    6.0,
    10.0,
    9.0,
    5.0,
    10.0,
    3.0,
    5.0,
    5.0,
    5.0,
    5.0,
    6.0,
    10.0,
    8.0
  ],
  "failure_rates": [
    0.051788585596425664,
    0.05806967137763202,
    0.04448234513677623,
    0.0553140406481849,
    0.048877630735446743,
    0.04798457199741899,
    0.05812610561187207,
    0.05137490882698731
  ],
  "repair_rates": [
    0.21131504579012794,
    0.18499769592098844,
    0.20442468789063306,
    0.1946291648058881,
    0.18288484863369092,
    0.21489510783030374,
    0.20257620611455437,
    0.19807858714346213
  ],
  "weibull_shapes": [
    1.0,
    1.0,
    1.0,
    1.0,
    1.0,
    1.0,
    1.0,
    1.0
  ],
  "weibull_scales": [
    19.30927420556969,
    17.220693285775887,
    22.480829122771226,
    18.078592492642542,
    20.459256820621338,
    20.840031667965867,
    17.20397383367368,
    19.46475473791398
  ]
}