{
  "n_jobs": 50,
  "n_machines": 5,
  "processing_times": [
    51.640900726840876,
    42.800840595882875,
    83.31511864603914,
    88.27611569824192,
    54.69847773832278,
    94.3685587444693,
    55.02391946148211,
    27.61129815559593,
    33.107144246601536,
    36.93375701521559,
    20.65137434356678,
    8.31203669400657,
    25.554394817675874,
    49.148428177009876,
    21.121865068017105,
    72.93863743463744,
    10.933899462968942,
    82.3800943615184,
    86.7130638864197,
    90.85602477210186,
    34.66591028479644,
    73.00526427039051,
    80.64436511604625,
    89.22259982363121,
    81.41144675785696,
    35.76415223660932,
    76.38388759399032,
    39.02190621316637,
    79.99175666950767,
    92.3043504076072,
    79.15543039545238,
    32.90529868400597,
    36.28456450987923,
    96.84793965054766,
    6.488298798843914,
    30.268940210779732,
    58.29466750466269,
    89.59912275021942,
    55.120998044202516,
    50.26975274671062,
    5.862241776279652,
    93.20865057946259,
    2.470348037889978,
    27.494523919213275,
    84.68027746407634,
    57.40822058389563,
    68.01875223088321,
    10.086281777197666,
    11.964219458027545,
    25.508488342235303
  ],
  "due_dates": [
    251.47621215060596,
    215.56016255911922,
    237.13450287062722,
    337.0248381128681,
    174.0245808906023,
    186.4175822181208,
    86.15377806560005,
    197.099045341408,
    295.37549159361924,
    217.88902601346803,
    268.15637381100765,
    48.966682142988745,
    64.93103641857915,
    282.2406586714083,
    124.99950151356485,
    353.2151387293728,
    189.9579049575032,
    338.01355276025083,
    235.8331774092855,
    348.39757870401195,
    300.5354903299163,
    421.14235160633905,
    230.17405223119155,
    293.9260462489938,
    289.8008644652401,
    83.00103265027693,
    171.39659394307836,
    229.75307985202875,
    269.74436024857476,
    350.7328995282032,
    336.8106568038719,
    261.30219413484383,
    132.82969423413925,
    203.9641013055044,
    48.94691939181066,
    144.61950309846424,
    169.74862775498926,
    346.2459858413126,
    90.96397103816354,
    225.0838980796928,
    229.72288984220003,
    231.44664683586882,
    78.02977290534123,
    211.57639550077351,
    278.07141585751117,
    130.42605470261637,
    147.09954786299352,
    159.32039611450412,
    208.87903778906568,
    91.69722438486406
  ],
  "release_dates": [
    189.89000344317716,
    126.8338004261867,
    139.9097428059516,
    134.71625877996632,
    38.49532996414779,
    65.68694001285488,
    25.138619025614894,
    133.5612038600203,
    245.71820691717858,
    129.84253162882243,
    225.4232871078258,
    39.3621662166051,
    29.255716845975186,
    181.98116954426382,
    87.91605092104162,
    227.75737330779123,
    166.14610819287856,
    162.34852435235976,
    79.53480500912404,
    195.80837115159488,
    237.18621731630498,
    252.39447258828645,
    88.31272358729785,
    177.553214731807,
    107.37082256048706,
    44.92337810287581,
    94.30626841811153,
    157.0509393227081,
    172.6464123866969,
    125.87973124608219,
    221.7551065219127,
    191.90984288749303,
    86.51594976900068,
    93.44845585720714,
    40.70801008781443,
    76.37400529725653,
    41.6650240498147,
    231.9161764189754,
    32.307584463396154,
    103.12924335021444,
    221.87541467025096,
    17.1991609413388,
    72.8881598991334,
    156.43619026627786,
    146.0500294854904,
    4.970925590495442,
    67.49020766384658,
    134.44515906287612,
    180.55900707440387,
    54.80767439443423
  ],
  "weights": [
    2.0,
    1.0,
    1.0,
    3.0,
    9.0,
    2.0,
    9.0,
    4.0,
    3.0,
    1.0,
    3.0,
    10.0,
    3.0,
    4.0,
    10.0,
    6.0,
    6.0,
    8.0,
    8.0,
    2.0,
    2.0,
    5.0,
    6.0,
    5.0,
    5.0,
    2.0,
    7.0,
    7.0,
    1.0,
    1.0,
    5.0,
    2.0,
    5.0,
    2.0,
    8.0,
    4.0,
    10.0,
    8.0,
    4.0,
    7.0,
    4.0,
    7.0,
    9.0,
    8.0,
    5.0,
    10.0,
    4.0,
    3.0,
    8.0,
    7.0
  ],
  "failure_rates": [
    0.04299332278544111,
    0.05713373279074241,
    0.04219529672426073,
    0.0515901020950771,
    0.04567731371582538
  ],
  "repair_rates": [
    0.21527099566739227,
    0.1865340538365704,
    0.21556099784867105,
    0.19419791122588637,
    0.21668698904651162
  ],
  "weibull_shapes": [
    1.0,
    1.0,
    1.0,
    1.0,
    1.0
  ],
  "weibull_scales": [
    23.259425771544027,
    17.502794779094735,
    23.699323802243512,
    19.38356311365826,
    21.892705998898084
  ]
}