{
  "n_jobs": 50,
  "n_machines": 8,
  "processing_times": [
    4.77370463994227,
    41.264064410377436,
    14.105929713554852,
    96.41204112884714,
    32.60708002839647,
    7.112172851317029,
    40.98922945878005,
    86.80144876204446,
    36.774106950050616,
    44.680321707051576,
    75.76008521303206,
    43.33825295189795,
    5.01122574242212,
    57.318690009373526,
    83.57783924440076,
    81.82053604548443,
    9.560844557692947,
    70.27640348670226,
    46.18672259965695,
    23.75284737345813,
    30.931609074844957,
    17.35268805511604,
    71.36658458706006,
    29.17276861170926,
    42.45103233211918,
    92.2575112026555,
    70.97363163583317,
    40.5370950426243,
    24.62911217860646,
    73.96926800108258,
    50.4925082019282,
    75.48741214263539,
    61.48490917191779,
    67.3377446336244,
    70.88764114928836,
    12.32017652504336,
    59.85643971535181,
    58.1462237271798,
    62.36549186481141,
    61.391584946195856,
    24.809114345642207,
    3.932525819572181,
    10.56484829759064,
    9.228964169645984,
    97.36605450102445,
    63.19512350552548,
    84.40346201755403,
    67.3873818722285,
    80.1886661865723,
    38.16301569458105
  ],
  "due_dates": [
    14.2035855074642,
    68.7390502553238,
    40.961752686426294,
    180.37523530540332,
    91.78136801915038,
    90.46292457538301,
    124.19647545501238,
    224.37286419263177,
    119.81383884142755,
    233.03239416303578,
    237.87194970333522,
    106.56663161163206,
    91.9637742905966,
    94.74994858663993,
    296.58903523245874,
    309.1214392300299,
    56.97899994969319,
    156.6929312610231,
    119.66404313038215,
    151.86565227674464,
    85.15619419666842,
    175.76483797398933,
    127.10555360076368,
    70.57505090187256,
    191.78221915479395,
    168.9102751744988,
    216.21215526684188,
    84.41322857041008,
    40.98454692597028,
    149.84910862750215,
    189.44635142452285,
    211.43129674371357,
    111.40912040930814,
    144.95872170596652,
    128.57590454178978,
    111.75174260009213,
    200.9596181676543,
    124.8045912707806,
    152.73901488520377,
    216.69699295905752,
    46.151160821451285,
    54.512449200373474,
    76.18906922310752,
    27.52164250122082,
    238.26366213978397,
    178.31170099076022,
    117.57491919943764,
    75.46551212050309,
    214.57553659834724,
    166.09488940569932
  ],
  "release_dates": [
    6.0664601231819635,
    26.666327674003952,
    14.21959897904701,
    59.619845025429534,
    44.05098525130843,
    80.86632929551828,
    59.02805990237426,
    135.92119262428488,
    82.1234658859242,
    144.65485406346625,
    88.85673708858391,
    22.399741474854636,
    82.56883091158561,
    18.20959761783444,
    130.13208574668576,
    151.66131401306188,
    46.25168975360858,
    78.13112724029767,
    33.2311916320934,
    121.50335273494892,
    33.292261130579256,
    142.77902361359733,
    21.941044374641407,
    34.441148142974704,
    115.62505512423763,
    26.43178620566931,
    92.00706537935724,
    12.364302450679455,
    4.72966314640725,
    4.54981658449865,
    94.32409196862656,
    105.26833831943306,
    27.965078636051288,
    44.374161508230394,
    14.379216756821371,
    97.57271801289231,
    117.1570580191019,
    20.802134854413474,
    63.66403817227266,
    150.39891990064993,
    15.877194697076368,
    46.952982025518374,
    63.84691626820253,
    10.499623642403733,
    114.37345137034147,
    59.64809699429545,
    27.87067782663847,
    7.984458988909326,
    131.76101391691486,
    113.3578274956768
  ],
  "weights": [
    2.0,
    7.0,
    1.0,
    3.0,
    8.0,
    3.0,
    5.0,
    10.0,
    2.0,
    2.0,
    4.0,
    10.0,
    6.0,
    9.0,
    9.0,
    5.0,
    7.0,
    3.0,
    4.0,
    7.0,
    10.0,
    3.0,
    6.0,
    7.0,
    7.0,
    8.0,
    2.0,
    6.0,
    1.0,
    8.0,
    8.0,
    7.0,
    8.0,
    10.0,
    7.0,
    1.0,
    4.0,
    9.0,
    10.0,
    1.0,
    8.0,
    2.0,
    4.0,
    9.0,
    2.0,
    2.0,
    1.0,
    7.0,
    8.0,
    10.0
  ],
  "failure_rates": [
    0.05810626035693927,
    0.04473912839199723,
    0.05518577504996441,
    0.05881157076342435,
    0.05719872345256497,
    0.04773619137856236,
    0.04288633143161409,
    0.04600029108350018
  ],
  "repair_rates": [
    0.20274809576473177,
    0.19701446225991487,
    0.18736416741907502,
    0.20985722849217903,
    0.18876279273771324,
    0.18483338171823183,
    0.1927023182149136,
    0.200054345696918
  ],
  "weibull_shapes": [
    1.0,
    1.0,
    1.0,
    1.0,
    1.0,
    1.0,
    1.0,
    1.0
  ],
  "weibull_scales": [
    17.209849573129105,
    22.351798882583424,
    18.12061168108293,
    17.003456752117774,
    17.482907653162965,
    20.948466375746218,
    23.31745259196593,
    21.738992872562267
  ]
}