{
  "n_jobs": 50,
  "n_machines": 8,
  "processing_times": [
    23.236616603105176,
    85.04033968372222,
    87.64681207383137,
    15.549108766443675,
    4.368457829428223,
    31.114497287425973,
    42.1951499588621,
    14.552354906533047,
    92.71256188744557,
    74.47752714044621,
    90.86978475816343,
    31.851143422341696,
    55.38946841636515,
    61.76932907019105,
    68.62878751540671,
    95.13586394995299,
    94.49467810923609,
    97.27636726962308,
    17.853153931896035,
    25.191316475870746,
    24.156376580473317,
    45.96962211263899,
    62.41385232414705,
    12.4790335116405,
    91.99587617050567,
    33.335067572627544,
    23.261031028419197,
    97.78418507701889,
    49.17262564193421,
    84.16047280126391,
    24.0849056346345,
    70.6015363775968,
    43.615124665214886,
    3.3053399688472376,
    14.172480135614617,
    40.727976830411976,
    44.70417162117617,
    63.5644955603475,
    94.88747483881599,
    27.332315129997983,
    82.67599628945698,
    85.35058986135257,
    80.74502371974975,
    43.183983491345,
    45.02941927626497,
    34.30454623595309,
    6.053170209933692,
    71.15552930119354,
    45.81091969220054,
    76.06441895272181
  ],
  "due_dates": [
    177.07696984525174,
    290.64561059670274,
    166.59043890777806,
    142.94347233066992,
    42.64991371584062,
    207.11634301294407,
    56.08249041243976,
    114.38391662648841,
    318.65699848660586,
    212.2033393104258,
    159.0901173227005,
    76.0236753946332,
    256.2487931527846,
    128.60429209728449,
    206.1552060213414,
    268.54489339004203,
    295.6307415364239,
    283.09007085394205,
    95.31905670043058,
    76.3664449436893,
    167.28404358870642,
    134.22655146607423,
    250.01629047667825,
    158.9388316963762,
    238.5160730156892,
    168.39525755608264,
    175.3058424706585,
    289.90892279955136,
    165.74620070813347,
    205.0165253839096,
    91.97728422501919,
    242.22058442957504,
    145.64008354515295,
    153.1891626812393,
    152.92303127295034,
    107.67747944851624,
    198.80169354642769,
    125.66970360061346,
    248.93433326047875,
    79.20103498244191,
    241.18734374437017,
    203.768787660876,
    244.68781552019402,
    118.03868909044414,
    213.55072045727024,
    112.38545785087769,
    19.973866936646374,
    168.85412048066962,
    112.87739102142669,
    120.1103608457363
  ],
  "release_dates": [
    144.18896210732754,
    131.991262387166,
    61.24579955527103,
    119.93478122138211,
    34.635997403884865,
    147.79269551237934,
    8.291336453318365,
    93.59983360645708,
    140.3061895803228,
    89.15214599799208,
    57.86512534956817,
    36.41240134211218,
    157.28417890564023,
    22.15179543300962,
    124.87917194364789,
    121.99800507364262,
    139.12180850155957,
    122.35247897082576,
    73.29460283993633,
    44.57250360007478,
    133.34818938769408,
    64.7020775398342,
    139.38337188213896,
    138.62888807525889,
    70.57691142991962,
    116.72635615316227,
    136.42022109516537,
    161.3933037194726,
    97.1221307219077,
    102.06851700912847,
    60.35265130476734,
    139.05404490738408,
    59.50272881366011,
    146.76864790556965,
    127.22655019653268,
    28.250649104710934,
    140.72519998814315,
    21.334196985900405,
    85.93273765763064,
    45.09860559591734,
    103.944582786099,
    92.82828809729513,
    125.96313341647142,
    34.21369775789137,
    134.3521042063128,
    64.87340888315731,
    9.791452825700905,
    48.63387669150376,
    23.67640791561842,
    14.381717361812004
  ],
  "weights": [
    3.0,
    9.0,
    7.0,
    4.0,
    9.0,
    5.0,
    4.0,
    9.0,
    3.0,
    4.0,
    7.0,
    3.0,
    6.0,
    10.0,
    9.0,
    4.0,
    3.0,
    7.0,
    5.0,
    3.0,
    6.0,
    9.0,
    6.0,
    1.0,
    4.0,
    2.0,
    10.0,
    1.0,
    10.0,
    3.0,
    9.0,
    4.0,
    5.0,
    5.0,
    4.0,
    7.0,
    9.0,
    2.0,
    10.0,
    8.0,
    8.0,
    3.0,
    1.0,
    4.0,
    1.0,
    4.0,
    6.0,
    1.0,
    3.0,
    8.0
  ],
  "failure_rates": [
    0.04575215202685192,
    0.04050022591031052,
    0.05746761613738403,
    0.04603976469659688,
    0.046574021960431505,
    0.056610297938298026,
    0.04733257465316476,
    0.05349410499944277
  ],
  "repair_rates": [
    0.21169077932420044,
    0.21150825517149882,
    0.19002965456592594,
    0.20170132557917297,
    0.20379592197549107,
    0.1814664464085681,
    0.1979453369536145,
    0.18601496126882988
  ],
  "weibull_shapes": [
    1.0,
    1.0,
    1.0,
    1.0,
    1.0,
    1.0,
    1.0,
    1.0
  ],
  "weibull_scales": [
    21.856895374300652,
    24.691220296265573,
    17.401104608365277,
    21.72035427613549,
    21.471196987229984,
    17.664630578166935,
    21.127099198123545,
    18.693648580725235
  ]
}