{
  "n_jobs": 50,
  "n_machines": 5,
  "processing_times": [
    92.82832374397397,
    39.73962847622027,
    42.02776159567437,
    9.94870120225277,
    29.132273959890313,
    79.29535409878066,
    10.450515740188646,
    40.37650728937363,
    67.63676155034833,
    60.31330510569021,
    44.80348096660754,
    26.243914324117974,
    87.51737507024711,
    61.98695267121393,
    88.74393460019498,
    10.654316921675147,
    58.864287454263966,
    65.79402675318603,
    9.589977729199541,
    22.976117340162567,
    98.09530940525359,
    57.00786742802337,
    64.72436772363187,
    40.86085848810082,
    60.202055972193975,
    94.8056868099999,
    20.26693302851589,
    72.56023979300595,
    36.93776151273403,
    69.23634014202736,
    80.8314585659255,
    98.18397552719001,
    31.896745351796657,
    33.1003520047913,
    59.45795354381242,
    69.5398878551337,
    96.74212410436009,
    97.50759291117276,
    33.42880537131725,
    13.244837972059353,
    57.01061907171904,
    34.794195476136785,
    44.28224685422387,
    16.75023605610786,
    18.177789837674545,
    76.17555153133118,
    37.85006117386022,
    5.3593700154409385,
    66.94614310090371,
    73.09058088420538
  ],
  "due_dates": [
    292.8176677749242,
    311.0154186350103,
    267.6526648716796,
    57.229794331274164,
    166.38324642722483,
    267.10686134084625,
    230.05138665404735,
    241.01999598533038,
    321.4975779286161,
    288.89896101927644,
    128.75968267900478,
    88.15153330827675,
    335.59853302062135,
    226.54670649707936,
    194.83939029363125,
    95.56624378283739,
    161.53157805310684,
    321.60641560717977,
    80.74718792900593,
    121.6983004429056,
    273.82376105355786,
    249.71298524873478,
    151.04724220824392,
    175.7408397393341,
    136.04163134577527,
    156.04526617830575,
    89.95623157580353,
    100.4260111419075,
    219.2648238305971,
    299.3267193714528,
    314.74371037190826,
    364.1726960542784,
    105.58407741350811,
    38.74170904517807,
    209.8168171499804,
    266.9960219758626,
    212.33152734197535,
    278.40175978567794,
    91.62365533336013,
    41.88907551853836,
    234.00414508665358,
    215.01020614832217,
    131.34329495330377,
    102.07853572978247,
    70.60331477850332,
    249.57039945233714,
    119.250171189418,
    91.56105408214492,
    124.16691574408156,
    291.1218293289937
  ],
  "release_dates": [
    150.94081090681368,
    241.37592238398787,
    188.32553347140598,
    40.483202142464165,
    119.73843694373066,
    178.6174201083383,
    212.5913884706958,
    195.83660583442472,
    221.71257883093526,
    182.42011582667186,
    59.45250528062068,
    40.13224465612003,
    171.35166116646417,
    139.30392533640762,
    88.95419236680277,
    77.70869835527888,
    62.5896141231932,
    204.40234243991017,
    70.60102172815428,
    85.54935246220937,
    79.71824615318847,
    161.2101951649716,
    75.63812928157101,
    101.03494677377289,
    58.89435158271573,
    2.0510384735584903,
    57.08176741381266,
    25.10508141180334,
    172.70750553794502,
    202.97209925973456,
    185.2634039812194,
    188.35166856911127,
    57.4773789020188,
    4.365322918869019,
    115.35586910664985,
    141.27165371152321,
    65.64402432166455,
    161.45404158214365,
    50.16132840532047,
    20.87471307742668,
    175.17416356579125,
    176.72208072299435,
    56.114316363855245,
    81.05383975367025,
    41.17332473776982,
    120.34113999966492,
    74.15755441440517,
    82.37818689764617,
    45.399584060204205,
    152.88153356804156
  ],
  "weights": [
    2.0,
    10.0,
    2.0,
    6.0,
    7.0,
    8.0,
    5.0,
    3.0,
    1.0,
    10.0,
    9.0,
    1.0,
    7.0,
    3.0,
    6.0,
    7.0,
    3.0,
    10.0,
    1.0,
    3.0,
    1.0,
    2.0,
    6.0,
    9.0,
    10.0,
    8.0,
    8.0,
    1.0,
    2.0,
    3.0,
    10.0,
    10.0,
    3.0,
    2.0,
    7.0,
    6.0,
    5.0,
    9.0,
    8.0,
    1.0,
    8.0,
    10.0,
    9.0,
    9.0,
    4.0,
    1.0,
    6.0,
    10.0,
    3.0,
    7.0
  ],
  "failure_rates": [
    0.041023963711847064,
    0.05114814115260311,
    0.055894614507695284,
    0.045398648068078036,
    0.04428429879270934
  ],
  "repair_rates": [
    0.21886808441397682,
    0.21759721890286643,
    0.21990042984068384,
    0.1926946494859578,
    0.18930847657563654
  ],
  "weibull_shapes": [
    1.0,
    1.0,
    1.0,
    1.0,
    1.0
  ],
  "weibull_scales": [
    24.375996601011423,
    19.55105263779672,
    17.890811284910555,
    22.027087645879657,
    22.58136692376922
  ]
}