{
  "n_jobs": 50,
  "n_machines": 8,
  "processing_times": [
    38.34564382900083,
    15.648901035160113,
    27.036695727863176,
    61.81030617836691,
    44.26887961719197,
    72.09510350616301,
    26.96410034951416,
    68.74484555427239,
    51.650498480245176,
    69.64302110837046,
    88.06933773292754,
    39.34482046822324,
    50.07769524383747,
    56.27684676191278,
    27.69878436849651,
    18.22198130788059,
    39.11740085857274,
    49.771805790607466,
    18.16297614275173,
    27.58984041436292,
    25.965288250460112,
    64.86466221268654,
    66.97263123748469,
    15.128076132804996,
    56.72788983935335,
    36.481111517876286,
    81.92232091280424,
    12.246958798648663,
    91.70929927452428,
    37.69603915233536,
    50.51602409625404,
    91.52378189909595,
    65.10852107827364,
    18.821864529831032,
    14.048073038687297,
    54.28876754397283,
    42.58321725756473,
    69.34624864155013,
    99.93392251592148,
    29.817768462630454,
    3.543224262379623,
    30.37422001689718,
    80.50594659403383,
    15.063182757554426,
    95.13082200557426,
    2.9468237701770796,
    20.889714145453702,
    38.298493305175825,
    19.30888375340837,
    42.67822327044099
  ],
  "due_dates": [
    97.47417187523729,
    160.63480832983365,
    68.33101410056997,
    220.56063277789144,
    75.58886011098542,
    274.11624964102265,
    100.67640692208741,
    174.69978241792,
    165.22985288745764,
    171.4417257514796,
    297.1001152649607,
    107.37495286823884,
    190.6357315461047,
    247.08958802426406,
    157.1013112032439,
    106.85565880259023,
    204.60358580323765,
    164.48645076406711,
    87.42613504520948,
    90.88872965788363,
    80.48347599373325,
    184.1501804259828,
    255.27226272461962,
    83.44441035910435,
    137.74910106861512,
    148.07906569658974,
    221.74719109965744,
    167.13481067540673,
    267.8310860002988,
    142.12304514648042,
    199.77613830438224,
    315.4544373615566,
    87.52760701192445,
    116.63354830596043,
    134.0895058692473,
    191.07528211307107,
    202.53836321564444,
    249.38102913852646,
    222.47265951936166,
    96.6446077917825,
    98.43573985379705,
    159.55700456524858,
    171.5333190989926,
    95.6022680146129,
    170.62796157995223,
    73.08777777945937,
    128.78468462602345,
    184.92554299565913,
    115.92624345586509,
    216.51285348220696
  ],
  "release_dates": [
    45.79011235395485,
    126.62059554954891,
    36.652718684023334,
    100.25871444843177,
    23.192604691300836,
    121.58553366853324,
    51.93040435612447,
    104.49881875690288,
    53.62306535124303,
    90.29060481022623,
    124.13410765602585,
    9.464932309921755,
    111.93328970972632,
    124.14658904451223,
    121.15665093629126,
    62.556606695035015,
    123.71701127127288,
    101.70006682273403,
    46.92231974774094,
    33.98058346239023,
    27.3788481995481,
    54.077940666810846,
    121.48075900986031,
    46.369249854137664,
    74.80332593747949,
    77.96625884227149,
    107.24938229633344,
    137.92108863841503,
    105.37507942681982,
    69.33725622208435,
    91.04969176180958,
    121.9637106210851,
    5.588061307666335,
    69.9655109948712,
    114.86548390115522,
    108.7176657770362,
    139.87952254006854,
    81.90698965509824,
    18.312403987572313,
    45.673882295429365,
    89.94449874447581,
    117.16949027492865,
    76.8457386686233,
    74.37459875676706,
    8.771469646301048,
    66.82532511374362,
    103.62852928533496,
    112.81999938514977,
    79.1264675942742,
    119.65973741899562
  ],
  "weights": [
    6.0,
    9.0,
    7.0,
    10.0,
    6.0,
    4.0,
    8.0,
    2.0,
    2.0,
    4.0,
    2.0,
    9.0,
    7.0,
    2.0,
    1.0,
    1.0,
    2.0,
    4.0,
    2.0,
    4.0,
    4.0,
    8.0,
    8.0,
    2.0,
    9.0,
    7.0,
    10.0,
    3.0,
    3.0,
    10.0,
    7.0,
    9.0,
    7.0,
    5.0,
    10.0,
    10.0,
    2.0,
    1.0,
    7.0,
    1.0,
    3.0,
    4.0,
    3.0,
    10.0,
    5.0,
    4.0,
    10.0,
    6.0,
    3.0,
    5.0
  ],
  "failure_rates": [
    0.040836527735562574,
    0.04543333914719664,
    0.05264729138181967,
    0.052771037250682135,
    0.05537778912193099,
    0.04438633243232612,
    0.04004192210155455,
    0.05651962294488386
  ],
  "repair_rates": [
    0.21312320865625414,
    0.20033670814353544,
    0.21642318235208524,
    0.18439469693291535,
    0.2172215583170819,
    0.19349956471111,
    0.18713775222118875,
    0.18445648234098894
  ],
  "weibull_shapes": [
    1.0,
    1.0,
    1.0,
    1.0,
    1.0,
    1.0,
    1.0,
    1.0
  ],
  "weibull_scales": [
    24.48788022516292,
    22.010268643477037,
    18.99432950401173,
    18.9497885980453,
    18.057781212575982,
    22.529457722704525,
    24.97382611813175,
    17.692970120752012
  ]
}