{
  "n_jobs": 50,
  "n_machines": 5,
  "processing_times": [
    72.09944909035374,
    73.1530359605723,
    81.68218780214698,
    91.45844800917516,
    50.70829365059642,
    30.176238773363497,
    99.02445531937828,
    69.09562253886641,
    67.95902884464279,
    77.82406778729106,
    67.87997951694261,
    99.45051236515327,
    41.997342749960026,
    80.10107396939539,
    54.58880797728329,
    46.28177455413144,
    46.4618394668945,
    60.40498629937528,
    19.14622594645532,
    34.99634525860554,
    72.3324519150404,
    65.89159047282416,
    53.181401448648025,
    53.75126751881468,
    16.749450690814143,
    63.473903360255775,
    37.04489667472848,
    91.12182783424896,
    17.19704108245507,
    33.712629393155545,
    77.18416698206931,
    38.842724857585615,
    54.06676946836831,
    29.76693570437392,
    83.93285257781388,
    4.282339637099382,
    78.69171347876322,
    17.111646555922192,
    96.25585227722767,
    28.782622161070993,
    11.651232823203765,
    22.712703327306585,
    89.64388550210943,
    53.08010965122813,
    65.59527784617747,
    91.36015874669317,
    38.909489005184625,
    27.314013659092332,
    63.9574596715325,
    45.89339828214649
  ],
  "due_dates": [
    112.15197770343772,
    153.62486966294173,
    352.3101033728085,
    181.20112584172875,
    215.0269354022273,
    62.779772840606796,
    364.08908516428494,
    362.14755335961576,
    359.37623121763454,
    312.64148791688524,
    170.96656142581048,
    319.30970545113837,
    174.39902418546188,
    145.63771079127497,
    197.09757093107595,
    157.0986762842739,
    309.0931190027729,
    290.3800876997113,
    263.5985852627438,
    123.79452898510735,
    199.82038209333695,
    283.8046967841184,
    220.59978074652014,
    99.93349256359392,
    275.2436923634441,
    349.06749565989173,
    246.70006100680143,
    166.50865818884978,
    173.08544334587796,
    228.61661150936843,
    289.5231231560818,
    138.26951147959582,
    188.16567142592646,
    172.19005055976845,
    220.80464649299938,
    80.1412606080661,
    278.37106727671255,
    192.99350023775136,
    397.26331110551416,
    307.29188051964,
    250.7936936148602,
    163.1749557492741,
    214.30207312582164,
    92.26508892073441,
    352.5706915324416,
    292.20829409546593,
    113.2469180738626,
    86.34942469745191,
    121.51142109665996,
    68.34879276004497
  ],
  "release_dates": [
    4.908640965615936,
    44.743108592499915,
    231.14990486364727,
    71.54394840898362,
    157.18996721249607,
    29.531213001643103,
    218.71620672981584,
    261.82376880712343,
    275.68453667449955,
    228.32415452855722,
    92.24005265414115,
    200.4336506794517,
    122.54573667966731,
    60.05419319618246,
    115.75861688590673,
    101.0209291376599,
    254.92111028130714,
    209.51240899285483,
    239.31952901277307,
    88.60814681078075,
    122.8250827454259,
    215.70652715925843,
    160.9900927649176,
    24.58898269648712,
    250.8049986419704,
    271.1090779593713,
    196.02917587972755,
    59.187901372709355,
    149.26780706764436,
    184.75627904769286,
    204.7077003534772,
    95.18638696153383,
    116.84888105096773,
    134.03356652320144,
    101.83627075872735,
    74.29417952000857,
    175.19779505679725,
    174.19485915058885,
    255.33168120325817,
    276.0878074784285,
    237.10803546202138,
    137.85344526880192,
    120.33442548804513,
    32.98714297055407,
    262.218506329626,
    176.32611431137548,
    64.76747821171159,
    46.553356025221326,
    40.495832277130816,
    1.1596060728396527
  ],
  "weights": [
    10.0,
    2.0,
    8.0,
    1.0,
    4.0,
    7.0,
    9.0,
    6.0,
    8.0,
    4.0,
    7.0,
    9.0,
    4.0,
    1.0,
    7.0,
    5.0,
    9.0,
    7.0,
    1.0,
    3.0,
    1.0,
    2.0,
    9.0,
    9.0,
    3.0,
    4.0,
    7.0,
    4.0,
    5.0,
    10.0,
    7.0,
    1.0,
    10.0,
    7.0,
    3.0,
    8.0,
    9.0,
    7.0,
    1.0,
    2.0,
    4.0,
    1.0,
    2.0,
    8.0,
    8.0,
    5.0,
    8.0,
    1.0,
    9.0,
    10.0
  ],
  "failure_rates": [
    0.05754355906911349,
    0.0447609916867492,
    0.053308728120678064,
    0.059372888633728554,
    0.04956572498931364
  ],
  "repair_rates": [
    0.20509249325858608,
    0.20040838587081372,
    0.21158327369408939,
    0.1821855163256073,
    0.21980364076276798
  ],
  "weibull_shapes": [
    1.0,
    1.0,
    1.0,
    1.0,
    1.0
  ],
  "weibull_scales": [
    17.37813955509662,
    22.340881252102253,
    18.75865426269863,
    16.842704187242795,
    20.175231981688952
  ]
}