{
  "n_jobs": 50,
  "n_machines": 5,
  "processing_times": [
    5.281782817494966,
    18.55277009256031,
    6.775271109029682,
    16.8356092278095,
    49.36975741097555,
    28.24179215774682,
    26.893234620183446,
    69.1690479191851,
    75.42173405845055,
    35.35461613026986,
    11.007348372422678,
    32.95816310122592,
    77.16182142006343,
    86.89565839608822,
    78.2896178068808,
    78.86677199209879,
    75.84218062012528,
    42.00823990010983,
    93.13775030059541,
    61.93739595288728,
    19.73468166309583,
    55.98187181006953,
    27.83897943209834,
    16.942131267123248,
    3.7244552045503614,
    1.4249417035418026,
    70.52563841017918,
    73.98078094119084,
    25.457867334483037,
    90.8630757963179,
    4.258844249533316,
    70.40050469010883,
    77.00935095495065,
    15.249822100680017,
    52.50145759521736,
    10.21667499912001,
    52.81546985651485,
    24.09207096718669,
    97.4402794270855,
    51.6223588398276,
    95.1000888162415,
    49.36403990493823,
    15.935663094636169,
    34.72583693796025,
    17.505334577995857,
    58.20587248230935,
    71.58849090818603,
    24.435680895192338,
    39.06994563854023,
    95.18286068704391
  ],
  "due_dates": [
    237.95554579290211,
    173.05074108448395,
    207.77038015866765,
    230.19435417148122,
    235.77937745916813,
    63.557215137530605,
    256.1547776339348,
    182.24522027734275,
    231.18488436957972,
    224.82900239482746,
    22.36080448834433,
    241.88933862152322,
    284.2879349126611,
    221.002899921754,
    230.0729715441316,
    269.2607852996142,
    229.36153934601492,
    175.4087579146294,
    283.60932000433434,
    201.80659663832995,
    210.91972843683004,
    154.73533867008763,
    134.74536589642793,
    193.65894487420155,
    116.26474192596378,
    218.11302353372602,
    219.34987006562406,
    200.29414849395448,
    83.63495075406232,
    125.51650115177884,
    137.20073171157685,
    225.1452603014289,
    258.2296892257883,
    180.44076977186617,
    70.81219431777181,
    204.4997975843533,
    114.4247338438391,
    248.53775930087454,
    206.4755273124273,
    297.72658500234866,
    356.58485599297256,
    269.8251587022497,
    72.28507285349404,
    236.91234790647644,
    245.05886267833762,
    217.60592146640437,
    221.39866067319184,
    140.4728052434304,
    87.11646764253561,
    143.5009404299669
  ],
  "release_dates": [
    230.5388217186272,
    150.29170817219224,
    197.93946461984882,
    209.72943999817895,
    168.13520779498305,
    33.834396375646776,
    223.4635397685129,
    111.72490879880895,
    120.19454675858395,
    175.00002576766326,
    8.126942335317926,
    202.4900555219702,
    177.40599199086836,
    102.30903624983621,
    125.37773484332182,
    159.6877266535417,
    150.91257902665302,
    119.28009630939503,
    168.05011728471825,
    139.51626742965556,
    182.64756795924313,
    84.17637936865538,
    97.6182814619458,
    174.98337795904428,
    111.71866009921595,
    216.370896320808,
    146.80542673094527,
    100.60822439408048,
    48.4173210065616,
    18.241671229185073,
    131.67779541537595,
    147.20974285534226,
    170.02968348368992,
    164.06489404293083,
    9.639422983280785,
    192.5790482404482,
    35.586312441716174,
    218.44165353960975,
    99.32355007053293,
    229.85653320629842,
    221.05003611660996,
    208.86143746100404,
    51.54374046818228,
    200.00385504937552,
    219.951983796397,
    131.01191001959103,
    123.65635823543816,
    114.4018437182681,
    43.23068500437011,
    6.053379067945205
  ],
  "weights": [
    9.0,
    9.0,
    2.0,
    1.0,
    1.0,
    4.0,
    4.0,
    9.0,
    9.0,
    3.0,
    4.0,
    10.0,
    4.0,
    9.0,
    2.0,
    10.0,
    1.0,
    9.0,
    2.0,
    7.0,
    4.0,
    2.0,
    4.0,
    9.0,
    7.0,
    1.0,
    3.0,
    9.0,
    7.0,
    8.0,
    9.0,
    9.0,
    10.0,
    10.0,
    9.0,
    10.0,
    1.0,
    3.0,
    7.0,
    2.0,
    9.0,
    7.0,
    3.0,
    6.0,
    8.0,
    3.0,
    10.0,
    8.0,
    3.0,
    6.0
  ],
  "failure_rates": [
    0.04880329026867719,
    0.05527753124111501,
    0.05181020916840965,
    0.04938464307619794,
    0.04271215901454217
  ],
  "repair_rates": [
    0.21466529782424987,
    0.1835825208031353,
    0.20895622475297548,
    0.18540272817927264,
    0.18408979472650988
  ],
  "weibull_shapes": [
    1.0,
    1.0,
    1.0,
    1.0,
    1.0
  ],
  "weibull_scales": [
    20.49042174195,
    18.090532944354933,
    19.301215263375777,
    20.24920982940085,
    23.412536923257164
  ]
}