{
  "n_jobs": 50,
  "n_machines": 5,
  "processing_times": [
    82.57654876845008,
    19.632651574926893,
    78.26577488284225,
    11.645911475670307,
    88.64301105043106,
    60.59829196344657,
    85.40227416307431,
    73.30873076206608,
    70.49682938638938,
    25.003979483050795,
    39.24259718588257,
    54.89473281742448,
    17.882651978342764,
    45.137378490533685,
    86.52982171577669,
    97.76731904895611,
    87.72441524672372,
    67.614566909515,
    72.10875240355179,
    7.828665246464204,
    93.56420570745927,
    63.075085961266346,
    64.10019623667822,
    78.01354476811137,
    54.9563684173338,
    42.80762245281669,
    76.97206970185225,
    42.47196041610448,
    73.23619626037048,
    89.20454269314229,
    64.49430064836316,
    7.6194490284240795,
    98.12519688930854,
    9.598682606656402,
    13.174557466388318,
    17.63195336145988,
    86.39167766390264,
    26.70741186328487,
    46.624998225120784,
    40.037857249592,
    91.64105555309557,
    83.87769797801906,
    93.11049328103735,
    50.24689006210202,
    3.0826783639362936,
    51.316550140911886,
    57.85273604946449,
    57.75370518636506,
    56.41990745996472,
    89.43913369957303
  ],
  "due_dates": [
    185.25016689182618,
    227.87711369044484,
    430.36564462944153,
    255.57969629517922,
    246.8442432036058,
    129.63632235925425,
    395.0590710761917,
    398.98127662665553,
    379.97782460749585,
    68.06425094417037,
    90.53355724265626,
    331.2870716626499,
    308.9876872086907,
    138.39827351020722,
    317.1616753939636,
    290.14785546975554,
    317.41028706319696,
    396.9910592317427,
    221.57464052711782,
    82.56114277336178,
    378.6273420776489,
    134.72154735608385,
    91.58880343808875,
    165.8933664823042,
    222.72707804721733,
    238.86463533746695,
    303.66559423100875,
    95.91675596489497,
    414.0262441937134,
    229.97444401795127,
    269.18374985200853,
    177.89607242201433,
    430.8596238229354,
    291.355105202031,
    222.98716562950452,
    232.69907812084057,
    362.46423065296676,
    177.88905535911186,
    356.96577384914525,
    333.6543150156078,
    359.37888655669974,
    400.21043515042606,
    418.79804202861794,
    217.81592601395147,
    289.60004745361346,
    349.7010490092159,
    405.81381375998325,
    187.96451633209168,
    258.5418799441776,
    422.5203769354058
  ],
  "release_dates": [
    85.85247595755546,
    203.83802798321406,
    246.587173820735,
    233.41933698490283,
    84.48286424698468,
    41.08539049372322,
    226.5463508182132,
    271.9248015595982,
    267.4084817454091,
    10.719421107122358,
    49.86724452444698,
    243.42004072755722,
    274.17891495706255,
    73.95688556849254,
    152.09476722856687,
    171.94624064899773,
    191.4443811779749,
    264.3234915013897,
    60.25442374738865,
    70.01486798327284,
    189.10791527905016,
    22.031940451582518,
    25.04286523206585,
    59.31686197373722,
    135.99898290291122,
    171.03631866588506,
    192.583715154986,
    52.61437703823019,
    264.97844676081496,
    53.570518058275646,
    188.24966317390317,
    169.5691201823308,
    274.2541364157171,
    280.17187250240937,
    205.46305877516014,
    211.80321445791944,
    217.11765479196777,
    124.95388839681283,
    275.4124535153008,
    246.44551206904987,
    265.48894724616065,
    213.7757518928201,
    244.6988066293901,
    128.59079688357164,
    285.76720511775875,
    269.20949757856584,
    271.56354048252274,
    47.4064195497416,
    178.76321315681645,
    270.2141398882971
  ],
  "weights": [
    7.0,
    4.0,
    6.0,
    7.0,
    3.0,
    3.0,
    9.0,
    2.0,
    7.0,
    6.0,
    7.0,
    2.0,
    8.0,
    5.0,
    10.0,
    9.0,
    3.0,
    6.0,
    3.0,
    9.0,
    5.0,
    6.0,
    10.0,
    2.0,
    3.0,
    7.0,
    7.0,
    10.0,
    10.0,
    8.0,
    3.0,
    4.0,
    2.0,
    1.0,
    1.0,
    1.0,
    2.0,
    1.0,
    7.0,
    1.0,
    5.0,
    8.0,
    4.0,
    8.0,
    6.0,
    10.0,
    4.0,
    10.0,
    2.0,
    3.0
  ],
  "failure_rates": [
    0.042993328113971,
    0.05304671699224033,
    0.04970618964266878,
    0.045208853014592876,
    0.04948980356191012
  ],
  "repair_rates": [
    0.20948192934032034,
    0.2105271811093331,
    0.19377614722081507,
    0.18058760897415252,
    0.2009031695056269
  ],
  "weibull_shapes": [
    1.0,
    1.0,
    1.0,
    1.0,
    1.0
  ],
  "weibull_scales": [
    23.259422888804988,
    18.85130799227933,
    20.118218821214576,
    22.119561398233483,
    20.206182446229207
  ]
}