{
  "n_jobs": 50,
  "n_machines": 10,
  "processing_times": [
    88.99900774775749,
    53.77392755134037,
    63.71049717036103,
    45.14558391357119,
    97.99037616535178,
    91.70823058406211,
    97.99475489393903,
    38.57349394082842,
    98.12684357104466,
    75.39854608866446,
    31.456507281886072,
    55.327408589409565,
    94.63133195739098,
    94.78312411241816,
    91.24493931603439,
    82.2222143353085,
    97.78072017630288,
    53.182659580084795,
    88.52758646349068,
    49.94092658708821,
    5.2743611341302845,
    76.42861719608783,
    90.92695391095052,
    56.293459552912,
    97.31191693761896,
    90.83843564630538,
    34.22176435248536,
    55.6248646696938,
    98.97074699821465,
    36.48059073898684,
    38.21198953246072,
    67.82529076213649,
    3.53513832168065,
    78.80470553064951,
    60.546237528218164,
    56.02688223887174,
    34.32080319635833,
    96.98714078604142,
    74.89938444580304,
    53.44564548112526,
    38.73695707372952,
    26.430939640813342,
    66.80051353722266,
    26.96341595578175,
    2.24655111499784,
    10.681089887711575,
    40.861560199969865,
    5.642468580729855,
    58.4813720080646,
    38.653129279773026
  ],
  "due_dates": [
    260.4362301560884,
    193.090514477091,
    98.32156212891994,
    155.62110188835288,
    172.16286714736975,
    197.29396430331516,
    293.6074041828198,
    171.2591133588707,
    203.24211803227752,
    134.33375584210052,
    76.5240313452318,
    154.31676539083634,
    202.61608385410574,
    163.3547944753243,
    245.72407512257308,
    165.90579618749354,
    182.3184963634453,
    202.9317111658528,
    236.92571231203243,
    149.76921858551228,
    64.98026002159796,
    234.2955577382628,
    130.78666941782188,
    203.08330914639168,
    196.43561106230536,
    261.5516251740207,
    113.81277601612842,
    214.1215464351851,
    229.11838445478838,
    129.10763216106426,
    118.46457078644228,
    202.1027696629253,
    54.37428931909539,
    146.88716244843556,
    153.62745507181185,
    245.94711539903653,
    142.64508742077595,
    254.1056965413347,
    181.70240671261638,
    99.13431042368563,
    93.07694272167792,
    42.70704725473735,
    208.53203448559253,
    162.50426228274446,
    29.815918069793664,
    59.797964395807185,
    221.59545182790376,
    79.1416323505913,
    156.8274075786382,
    90.02759038057853
  ],
  "release_dates": [
    140.02746882886828,
    102.14383335891084,
    7.719435620808735,
    103.05063331898982,
    37.64261033505038,
    94.47672644323342,
    149.62123889185958,
    123.54514794393806,
    102.96316183865697,
    10.566289328899762,
    18.575967377900643,
    55.456083546878496,
    76.31808229993358,
    37.8143429592707,
    135.53918057719426,
    50.74355326441966,
    5.954079075686984,
    147.63335593874064,
    133.93760025727423,
    51.251116796080126,
    56.33779174465286,
    97.74939306864398,
    34.71713370525628,
    90.65397920953767,
    94.5603963255168,
    103.44752096393535,
    76.41426392623953,
    149.46627834327634,
    39.10678036849183,
    87.75850084224224,
    48.04137191274282,
    93.50562167066563,
    47.40442477314524,
    15.93006993499337,
    74.4493368346559,
    149.26550236940992,
    89.31693026366244,
    148.86471207893482,
    37.46184388125877,
    44.24033913276337,
    50.46177742289949,
    4.207438950335675,
    122.82926491389996,
    133.83528674374483,
    27.434996248153865,
    44.61944242461559,
    147.986991662335,
    71.303881460324,
    58.823470051169664,
    46.80486409886097
  ],
  "weights": [
    9.0,
    5.0,
    6.0,
    3.0,
    7.0,
    3.0,
    8.0,
    4.0,
    7.0,
    2.0,
    10.0,
    4.0,
    7.0,
    6.0,
    6.0,
    3.0,
    8.0,
    10.0,
    2.0,
    1.0,
    5.0,
    5.0,
    2.0,
    5.0,
    9.0,
    6.0,
    8.0,
    9.0,
    3.0,
    3.0,
    10.0,
    8.0,
    5.0,
    10.0,
    6.0,
    2.0,
    1.0,
    1.0,
    8.0,
    5.0,
    1.0,
    6.0,
    7.0,
    2.0,
    7.0,
    4.0,
    10.0,
    10.0,
    1.0,
    9.0
  ],
  "failure_rates": [
    0.05183493592644858,
    0.05250894710784775,
    0.05077758490935075,
    0.05927915075932749,
    0.058706616675908485,
    0.047595450218032506,
    0.056255149119653375,
    0.05912944952540738,
    0.04422917431686887,
    0.05080448234818241
  ],
  "repair_rates": [
    0.20293285109476186,
    0.21290294445800462,
    0.1948466249329862,
    0.2011447731251325,
    0.2143286537800691,
    0.20791469895783893,
    0.21195762761047915,
    0.21192751834351098,
    0.21209560069442457,
    0.21492061061254575
  ],
  "weibull_shapes": [
    1.0,
    1.0,
    1.0,
    1.0,
    1.0,
    1.0,
    1.0,
    1.0,
    1.0,
    1.0
  ],
  "weibull_scales": [
    19.292008027538696,
    19.04437348450555,
    19.69372906933683,
    16.869337485281896,
    17.033855068169366,
    21.01041161327495,
    17.776150550646015,
    16.912046501808025,
    22.609510926786694,
    19.68330260992761
  ]
}