{
  "n_jobs": 50,
  "n_machines": 5,
  "processing_times": [
    9.4839301596356,
    78.71790499165874,
    65.17698002700487,
    37.75837113129544,
    25.273189508705048,
    83.56663770551945,
    46.23441961315211,
    52.05918569880549,
    49.024174695058704,
    89.3746652231846,
    36.15541870006983,
    17.275466639090595,
    21.90386526599802,
    83.69914763607598,
    40.538603206006876,
    91.07472920985516,
    83.05309376090257,
    79.988276095517,
    76.91339360653716,
    22.501881942348067,
    68.14429920392098,
    1.8519031266234807,
    75.20563784382468,
    44.93996966842097,
    46.911440783417085,
    33.74014184765666,
    43.93926110002201,
    95.50694032732594,
    10.289835842590241,
    24.12089135860115,
    44.6346581334196,
    85.12316239931448,
    86.00754483050831,
    34.06310708764977,
    40.93481300121283,
    98.30860000765765,
    37.33951409765863,
    41.88268480117156,
    51.91205974772076,
    81.90980714589091,
    39.72034695401741,
    70.25088799499035,
    47.06794423353426,
    40.453278089980095,
    89.93917764558776,
    29.873023325243114,
    66.05699293264188,
    59.30735562379986,
    51.186446779143026,
    16.73802494204016
  ],
  "due_dates": [
    115.65683975857358,
    414.2503157095971,
    166.05055285273025,
    182.02779950991282,
    251.16763599900472,
    302.32954741955285,
    214.52897935506792,
    115.65685159362752,
    144.87504049699837,
    209.43798425318084,
    224.28460667701356,
    193.64318608359554,
    176.15124395634115,
    376.42678685081273,
    261.5120117576666,
    216.8033842393144,
    306.2029763819279,
    331.56845457133176,
    375.8053070492625,
    269.1447473508165,
    343.5503398706688,
    115.12406798257302,
    278.1486077398985,
    308.58461740932523,
    150.99483315826933,
    178.78308781329815,
    195.84600748567485,
    188.14953650385485,
    151.19527027973805,
    248.26928091619868,
    162.9677663649503,
    435.4433135071496,
    391.9080294061656,
    114.80754049605784,
    88.2058755535309,
    205.43139955314504,
    161.77317996076312,
    94.08450500252074,
    205.864792498645,
    257.80995652616735,
    277.27486213668976,
    237.28134870256076,
    225.69372933124157,
    104.92303690397321,
    235.54553710083184,
    315.0870711362533,
    237.26872504219017,
    296.20425842810994,
    276.2581042833177,
    177.38885862406306
  ],
  "release_dates": [
    99.87153354306949,
    263.49594064638364,
    60.720679086911126,
    113.59225293121138,
    196.15935650740548,
    145.1357326600852,
    99.06246601800234,
    43.79515886382101,
    41.860070825523586,
    79.91456891802311,
    141.34105294934167,
    153.16237167655856,
    140.02652711313792,
    261.3948839401533,
    212.74835793359665,
    83.61334046447519,
    144.88644043542155,
    146.69027642614282,
    213.80991429469793,
    243.14625393324818,
    229.69567417309457,
    111.86138942294221,
    98.59463476312303,
    238.8279170148537,
    74.31590005981612,
    133.12981990094235,
    129.22059103128322,
    56.620799203804374,
    128.04549667615925,
    219.71040327896077,
    66.46590470361647,
    229.47109658409286,
    192.36770117093232,
    56.961576095432626,
    36.954131773674426,
    43.89911905622151,
    113.17738692654603,
    41.35710469807214,
    148.50897139176053,
    99.1759891364773,
    189.6235806561808,
    65.1752185630145,
    164.29615075353593,
    56.426544418116436,
    33.92813781628991,
    250.32920844106928,
    133.35571957745637,
    208.24414706927473,
    205.88917954509682,
    136.03923335133243
  ],
  "weights": [
    2.0,
    1.0,
    9.0,
    7.0,
    1.0,
    8.0,
    3.0,
    8.0,
    10.0,
    3.0,
    6.0,
    10.0,
    1.0,
    8.0,
    8.0,
    6.0,
    4.0,
    7.0,
    7.0,
    5.0,
    2.0,
    9.0,
    2.0,
    7.0,
    10.0,
    10.0,
    2.0,
    7.0,
    5.0,
    3.0,
    3.0,
    9.0,
    7.0,
    2.0,
    4.0,
    2.0,
    3.0,
    5.0,
    4.0,
    2.0,
    6.0,
    9.0,
    4.0,
    3.0,
    4.0,
    8.0,
    5.0,
    5.0,
    5.0,
    6.0
  ],
  "failure_rates": [
    0.04124116672188832,
    0.04301150854232051,
    0.05682812017880036,
    0.05711139650895081,
    0.04872861459950095
  ],
  "repair_rates": [
    0.2159337578506563,
    0.2000289819769958,
    0.19788148654447452,
    0.18154157474956625,
    0.20779912243750603
  ],
  "weibull_shapes": [
    1.0,
    1.0,
    1.0,
    1.0,
    1.0
  ],
  "weibull_scales": [
    24.24761662887826,
    23.24959142077208,
    17.596922031798062,
    17.509640126612464,
    20.52182292106949
  ]
}