{
  "n_jobs": 50,
  "n_machines": 5,
  "processing_times": [
    54.42882425048757,
    36.650955088310575,
    63.11796644559789,
    58.89095004801553,
    46.97571207537882,
    96.03450462721148,
    43.266960417892676,
    92.06006141828085,
    93.58762143157593,
    8.87405037539314,
    79.49214238101416,
    37.257024601907304,
    29.146846427597353,
    76.49655247672773,
    33.9185733088715,
    96.59907371931122,
    36.591728016182536,
    99.10935855846937,
    13.253534315454655,
    7.242725064055129,
    86.77856702218594,
    34.99555120370665,
    65.62938189701525,
    2.9121339233028025,
    83.74228365663838,
    60.11511412722656,
    4.416579841217256,
    60.56336302500362,
    89.69691684560992,
    22.920434808607077,
    50.65885120735628,
    58.94055722103143,
    89.60317518452648,
    33.0930781131156,
    70.49962400206853,
    83.66164425827509,
    5.711741903416047,
    24.10326078470081,
    36.001632146682795,
    51.057475329208415,
    87.95508958432266,
    91.95015127167186,
    46.750800481710705,
    26.111307538904953,
    95.74982560065652,
    61.23552661158956,
    41.657251130885314,
    6.0045492206286175,
    63.49529597358548,
    28.530047037136367
  ],
  "due_dates": [
    98.4922980958012,
    204.62576349433104,
    279.68790150103285,
    259.6720783150867,
    296.37024212229693,
    210.08376402423346,
    320.3197486676599,
    249.6684007821824,
    203.92826776312336,
    72.65316903889965,
    344.3158732820808,
    272.91112986729433,
    105.2867038064923,
    165.03010257544014,
    74.47953158102894,
    115.03966664131431,
    288.2012681678573,
    349.79780857181413,
    47.506334248239,
    270.092139172102,
    241.46656725800972,
    55.220307346491595,
    121.56080058039525,
    200.86897556947397,
    295.30595400213474,
    240.82321390320806,
    120.2353972144155,
    232.08021513645747,
    179.76720248625577,
    246.0028686053589,
    258.46075977007104,
    214.28635750849514,
    251.37509895335444,
    225.74414204120382,
    315.50286684238915,
    232.77675067138983,
    121.11588670571835,
    99.17970147585808,
    302.7530334777874,
    160.0069451900286,
    123.2651837677759,
    213.4047402189526,
    325.58289517572496,
    155.58508835225695,
    235.38006705075773,
    298.0532693489092,
    136.02054393081914,
    273.4542933123714,
    302.48408231287567,
    245.34356578335877
  ],
  "release_dates": [
    3.7318565463775975,
    150.71350521769145,
    166.94360675451196,
    175.30039446828974,
    235.18279874911124,
    54.735028011375405,
    261.6824243598872,
    98.61152366664616,
    73.33643772007777,
    58.05509376437221,
    194.4348487959593,
    198.57364418843042,
    67.85650105542564,
    80.37732118769132,
    34.146848502204335,
    9.509217144259134,
    223.7970413205991,
    236.03407709275834,
    27.086475383032106,
    261.22895394081985,
    73.2815513568051,
    4.061625575171667,
    21.048489207254722,
    196.96563453699287,
    156.79955304263896,
    173.77825809064564,
    115.78671780816843,
    134.3350360048834,
    59.848524628549725,
    208.78730702122024,
    167.73337651146196,
    127.18960981530842,
    137.1050210616476,
    170.44090325071585,
    229.90279508590945,
    67.01709737703293,
    113.67727294400537,
    57.680756633101005,
    259.32890871147544,
    85.80120925908571,
    24.397383350811605,
    29.604906875542397,
    235.07869728722912,
    115.00210954569124,
    122.25605345333962,
    224.40771563717678,
    54.58065775255457,
    263.5416578032281,
    227.599350963544,
    213.34208561656985
  ],
  "weights": [
    3.0,
    8.0,
    5.0,
    5.0,
    8.0,
    1.0,
    1.0,
    8.0,
    5.0,
    7.0,
    1.0,
    4.0,
    9.0,
    4.0,
    3.0,
    8.0,
    6.0,
    2.0,
    3.0,
    5.0,
    10.0,
    2.0,
    7.0,
    4.0,
    5.0,
    9.0,
    3.0,
    5.0,
    1.0,
    9.0,
    6.0,
    7.0,
    5.0,
    9.0,
    7.0,
    6.0,
    2.0,
    9.0,
    4.0,
    8.0,
    3.0,
    10.0,
    1.0,
    5.0,
    6.0,
    10.0,
    9.0,
    1.0,
    1.0,
    10.0
  ],
  "failure_rates": [
    0.05190040362755915,
    0.04027451843511006,
    0.054295594293440774,
    0.043889745779100334,
    0.04210943343313339
  ],
  "repair_rates": [
    0.21036093161588687,
    0.2153509193172737,
    0.1929449062308724,
    0.20005562478427083,
    0.18588580332644955
  ],
  "weibull_shapes": [
    1.0,
    1.0,
    1.0,
    1.0,
    1.0
  ],
  "weibull_scales": [
    19.267672890871303,
    24.829595457762977,
    18.417700607447,
    22.78436528279427,
    23.747647937081002
  ]
}