{
  "n_jobs": 10,
  "n_machines": 2,
  "processing_times": [
    72.35148089198671,
    12.83829841185053,
    38.882976103775356,
    60.83154622793971,
    1.2938941909632162,
    43.032413228986286,
    35.794790918992135,
    23.787252309179756,
    44.94707696753842,
    75.58748815391333
  ],
  "due_dates": [
    199.7838196510791,
    46.82143822133894,
    97.77539662461541,
    113.19059467428588,
    85.9007456684177,
    123.76632131073673,
    72.42032423621893,
    72.34462679241597,
    170.35920740003928,
    180.16423326312346
  ],
  "release_dates": [
    100.13212398621744,
    23.43206216730117,
    47.210256275822516,
    26.558171973855984,
    83.87827226056265,
    42.870098816358194,
    16.58248299852602,
    28.74449670683586,
    95.86880714619318,
    99.29902625632458
  ],
  "weights": [
    4.0,
    3.0,
    3.0,
    5.0,
    9.0,
    5.0,
    2.0,
    6.0,
    5.0,
    7.0
  ],
  "failure_rates": [
    0.05864951318414278,
    0.042173774827972
  ],
  "repair_rates": [
    0.21223131000023857,
    0.20882439485681267
  ],
  "weibull_shapes": [
    1.0,
    1.0
  ],
  "weibull_scales": [
    17.050439904936376,
    23.711417915020125
  ]
}