{
  "n_jobs": 10,
  "n_machines": 3,
  "processing_times": [
    75.57278380856042,
    86.80741536041587,
    93.56233541839379,
    29.052127778998116,
    36.6056681301393,
    33.674430891980606,
    62.58444380909469,
    99.73434858879665,
    6.754990013579106,
    47.46883962017936
  ],
  "due_dates": [
    155.80057095791153,
    205.66115014737275,
    120.56748148456094,
    93.38770608274008,
    55.338055500823636,
    84.23602006549642,
    91.04641947016594,
    224.13667347443695,
    25.658748461378604,
    97.8394222921143
  ],
  "release_dates": [
    32.385019350312106,
    70.48824194168128,
    15.550821910255495,
    45.49244779311896,
    2.21436663470629,
    46.1818481387948,
    24.730879202333618,
    61.701003126399,
    17.805775278289158,
    23.530593870096048
  ],
  "weights": [
    8.0,
    8.0,
    3.0,
    10.0,
    9.0,
    9.0,
    4.0,
    1.0,
    7.0,
    5.0
  ],
  "failure_rates": [
    0.04299719458755158,
    0.047202445863412164,
    0.053633403530130574
  ],
  "repair_rates": [
    0.21681666015610757,
    0.20693304755961883,
    0.18979764135866392
  ],
  "weibull_shapes": [
    1.0,
    1.0,
    1.0
  ],
  "weibull_scales": [
    23.25733131178556,
    21.185342871716017,
    18.645096790066894
  ]
}