{
  "n_jobs": 10,
  "n_machines": 5,
  "processing_times": [
    59.481463997111874,
    55.56911560035712,
    64.77353108884594,
    71.18607567901914,
    93.83040029338201,
    88.27251435817507,
    77.72416645842814,
    52.51514286011845,
    88.56680155321851,
    21.899397445165516
  ],
  "due_dates": [
    135.09234021296766,
    119.14279754887433,
    190.7503098910331,
    161.75755832023623,
    145.50806166451446,
    141.06735467463344,
    162.58518577980595,
    103.19294038970496,
    130.2074195555552,
    37.18412657594839
  ],
  "release_dates": [
    52.441343496461414,
    30.304947037772177,
    63.746475667999164,
    65.29836642053758,
    32.54464511429309,
    47.44275215440437,
    29.788329768016514,
    33.373754298975015,
    32.25671540462922,
    4.005668837293373
  ],
  "weights": [
    4.0,
    8.0,
    3.0,
    7.0,
    10.0,
    9.0,
    7.0,
    3.0,
    4.0,
    4.0
  ],
  "failure_rates": [
    0.056840520792963735,
    0.048281561402353554,
    0.05114252315590742,
    0.04931775631389834,
    0.045214076420608124
  ],
  "repair_rates": [
    0.18278560245578596,
    0.2153390850021369,
    0.20815862330832627,
    0.21019412178584,
    0.18304261725808807
  ],
  "weibull_shapes": [
    1.0,
    1.0,
    1.0,
    1.0,
    1.0
  ],
  "weibull_scales": [
    17.593082998700982,
    20.711840523683925,
    19.553200317307596,
    20.276672637643653,
    22.11700601152189
  ]
}