{
  "n_jobs": 10,
  "n_machines": 2,
  "processing_times": [
    56.870918927772344,
    3.1746699729202557,
    50.88904185806439,
    74.85274463242163,
    11.836126023196249,
    99.32435852672974,
    70.78852189441763,
    69.0404876069537,
    38.97308560432577,
    41.489095214054586
  ],
  "due_dates": [
    117.28004275488297,
    50.7211453007327,
    149.22825219376483,
    176.51637141863256,
    93.85393250379431,
    148.6448470614929,
    187.56149820759396,
    160.325644207104,
    100.0998870139718,
    128.84335754068618
  ],
  "release_dates": [
    49.2486625420781,
    46.24540583839425,
    81.73511341361083,
    79.36301271633145,
    77.20173003494918,
    6.559794818972129,
    83.67646553421521,
    64.95090870721612,
    42.63725934154616,
    79.30344326872023
  ],
  "weights": [
    10.0,
    7.0,
    7.0,
    10.0,
    8.0,
    9.0,
    9.0,
    1.0,
    4.0,
    10.0
  ],
  "failure_rates": [
    0.042024527337370714,
    0.05236440424230964
  ],
  "repair_rates": [
    0.19100918788970964,
    0.19967592859188396
  ],
  "weibull_shapes": [
    1.0,
    1.0
  ],
  "weibull_scales": [
    23.79562753846229,
    19.096942177984626
  ]
}