{
  "n_jobs": 10,
  "n_machines": 2,
  "processing_times": [
    95.27358248497896,
    94.10363315568307,
    5.8806576401681365,
    49.631415760963144,
    9.675661283726598,
    57.18966571956639,
    17.277658908586577,
    64.40675302561957,
    64.57299386630297,
    69.959142739811
  ],
  "due_dates": [
    232.56130728263736,
    257.01719428110675,
    29.048581753307488,
    112.27121278463906,
    138.73045054748565,
    98.30876892408253,
    118.5699061586311,
    197.95789712867725,
    141.98795285885103,
    266.68182755608774
  ],
  "release_dates": [
    92.80485683356635,
    91.29880266329953,
    22.64454904777714,
    18.498945610750404,
    120.98306016378011,
    23.188512520652836,
    98.68628056648521,
    131.1219657530158,
    66.1444993581589,
    125.08681934509879
  ],
  "weights": [
    6.0,
    2.0,
    9.0,
    5.0,
    5.0,
    2.0,
    2.0,
    10.0,
    8.0,
    3.0
  ],
  "failure_rates": [
    0.053184469365603705,
    0.05295263141803226
  ],
  "repair_rates": [
    0.20419824829328836,
    0.1827777784822238
  ],
  "weibull_shapes": [
    1.0,
    1.0
  ],
  "weibull_scales": [
    18.80248147491598,
    18.88480276089668
  ]
}