{
  "n_jobs": 10,
  "n_machines": 5,
  "processing_times": [
    99.56422010618726,
    62.717680138764685,
    87.73327505681031,
    89.04840825630029,
    39.289485342784616,
    69.30206970621548,
    99.29240250609924,
    47.33616647761691,
    94.61282972382584,
    64.17421203460086
  ],
  "due_dates": [
    170.8121834603262,
    141.88513287953674,
    144.8868416665245,
    219.30083425128842,
    60.740423615142966,
    134.9149073665984,
    208.47060772492657,
    112.91519364486601,
    163.7842276377375,
    179.77859404200993
  ],
  "release_dates": [
    57.19590977202445,
    17.87653773841894,
    7.29042110433274,
    44.32362545657471,
    12.48101994815562,
    29.326174751094896,
    51.87057348846628,
    50.437670605439926,
    27.777309457521124,
    70.22391407423106
  ],
  "weights": [
    8.0,
    9.0,
    4.0,
    10.0,
    2.0,
    6.0,
    7.0,
    7.0,
    5.0,
    4.0
  ],
  "failure_rates": [
    0.04888993249166018,
    0.04880461891915489,
    0.0464062740398604,
    0.05741343964091608,
    0.04837804155133994
  ],
  "repair_rates": [
    0.21133094277990977,
    0.18007940718781817,
    0.20813159759172933,
    0.1884983116224006,
    0.21240459786565863
  ],
  "weibull_shapes": [
    1.0,
    1.0,
    1.0,
    1.0,
    1.0
  ],
  "weibull_scales": [
    20.454108832541007,
    20.489863913423957,
    21.548810385877044,
    17.417524646743917,
    20.670534976881523
  ]
}