{
  "n_jobs": 10,
  "n_machines": 3,
  "processing_times": [
    8.83490222237453,
    22.534746554304736,
    36.49709083453122,
    88.08828396772746,
    33.31334203893442,
    24.854867822095123,
    14.467079771733713,
    62.999304606777585,
    97.35844706801822,
    56.88721689705649
  ],
  "due_dates": [
    16.20352388435806,
    73.9588236153649,
    110.25677106210713,
    142.49438416994929,
    104.88616728842257,
    52.042631948372474,
    51.86665675975488,
    116.98360596193275,
    175.08421467976711,
    168.33665362496356
  ],
  "release_dates": [
    2.7459637825383196,
    31.35242246318004,
    59.245228064520624,
    23.34830550508825,
    46.88616813409519,
    23.292537743574893,
    25.745729192232155,
    13.995472050699282,
    47.80625926344141,
    62.070766961712046
  ],
  "weights": [
    3.0,
    2.0,
    5.0,
    1.0,
    3.0,
    3.0,
    6.0,
    8.0,
    10.0,
    5.0
  ],
  "failure_rates": [
    0.056452018974619156,
    0.057256387990955206,
    0.04116497023454202
  ],
  "repair_rates": [
    0.19427406185648485,
    0.19295516689314285,
    0.19061554872665837
  ],
  "weibull_shapes": [
    1.0,
    1.0,
    1.0
  ],
  "weibull_scales": [
    17.7141582916565,
    17.465300119140768,
    24.292499042326234
  ]
}