{
  "n_jobs": 10,
  "n_machines": 3,
  "processing_times": [
    56.633414457447735,
    96.27442684378049,
    67.69257237796037,
    85.70001752426255,
    8.72752814592647,
    35.89748550241682,
    15.714493642432487,
    27.252710785644958,
    49.29994256189181,
    98.16313574363636
  ],
  "due_dates": [
    132.89067809892612,
    123.09535959057962,
    146.75101590769233,
    247.49255578430777,
    92.0396421588393,
    93.71229063567625,
    109.51477550992476,
    90.28248730373022,
    191.8359760984032,
    228.26065888700597
  ],
  "release_dates": [
    44.893719357841846,
    16.413362193310764,
    30.742181614855237,
    50.28188057749163,
    75.54331786899196,
    48.906299515003525,
    70.26072925349065,
    35.716458762633486,
    69.8732740514635,
    63.01745101740016
  ],
  "weights": [
    3.0,
    1.0,
    8.0,
    9.0,
    8.0,
    6.0,
    9.0,
    10.0,
    8.0,
    8.0
  ],
  "failure_rates": [
    0.047729462075438114,
    0.05777522757754708,
    0.05865449947525286
  ],
  "repair_rates": [
    0.20365981108780362,
    0.2000204608568329,
    0.21080594677802497
  ],
  "weibull_shapes": [
    1.0,
    1.0,
    1.0
  ],
  "weibull_scales": [
    20.95141986765877,
    17.30845626973567,
    17.04899042607829
  ]
}