{
  "n_jobs": 10,
  "n_machines": 3,
  "processing_times": [
    56.575726942241495,
    42.90743883249879,
    71.29424807009863,
    31.84318210828878,
    83.06117411740327,
    55.915984331452584,
    50.795484576399765,
    33.11106585487501,
    84.32893047958497,
    10.53204487265583
  ],
  "due_dates": [
    110.60513141101754,
    108.9704676723423,
    135.17537351529103,
    67.29459798183055,
    165.47881521762326,
    76.68924678307025,
    99.8817642446213,
    56.41104452649196,
    128.08166076264092,
    97.45306608775107
  ],
  "release_dates": [
    27.07363802544795,
    52.36930799637034,
    35.03138984417183,
    22.81440605533213,
    55.197822993713885,
    0.9375181835150914,
    48.60724323982138,
    8.416514224507562,
    34.690288724242166,
    85.0297212752558
  ],
  "weights": [
    10.0,
    5.0,
    3.0,
    6.0,
    2.0,
    1.0,
    3.0,
    8.0,
    4.0,
    8.0
  ],
  "failure_rates": [
    0.043876905780477315,
    0.04028052164861576,
    0.043619932523546984
  ],
  "repair_rates": [
    0.20242139415185934,
    0.20160939886312607,
    0.19620870296749596
  ],
  "weibull_shapes": [
    1.0,
    1.0,
    1.0
  ],
  "weibull_scales": [
    22.791032827226896,
    24.825894975328975,
    22.92529910403182
  ]
}