{
  "n_jobs": 10,
  "n_machines": 2,
  "processing_times": [
    43.20152904605421,
    62.27914781198187,
    77.97936072368512,
    44.89091407143343,
    4.998093901764824,
    31.602113427381735,
    27.048585693229256,
    18.79205094131111,
    4.390141524240075,
    83.422255001974
  ],
  "due_dates": [
    103.93130009377812,
    222.1226134805689,
    206.14316145082546,
    115.25894863960004,
    23.896309624697217,
    118.44098660902736,
    103.0487267868273,
    75.56731412455937,
    70.27765510688978,
    216.3528685720844
  ],
  "release_dates": [
    16.009951795075143,
    68.749297392708,
    70.56756640290469,
    54.12847329608234,
    11.9264648910746,
    54.531356220268094,
    47.48500950100913,
    33.46894288700307,
    64.72227047566223,
    89.24141314651463
  ],
  "weights": [
    2.0,
    6.0,
    9.0,
    9.0,
    7.0,
    9.0,
    3.0,
    2.0,
    9.0,
    3.0
  ],
  "failure_rates": [
    0.05137418004705192,
    0.040895698866569824
  ],
  "repair_rates": [
    0.21888937895607238,
    0.19212897383200625
  ],
  "weibull_shapes": [
    1.0,
    1.0
  ],
  "weibull_scales": [
    19.4650308595511,
    24.452449223638276
  ]
}