{
  "n_jobs": 10,
  "n_machines": 5,
  "processing_times": [
    19.19282887372288,
    65.90435514518383,
    90.16463563231758,
    93.12580228361962,
    46.715584179934304,
    19.54672299562558,
    94.14908447216263,
    59.88408445466597,
    30.891549348221712,
    96.42892535880529
  ],
  "due_dates": [
    51.74865506181416,
    134.74806870401417,
    105.45076207567917,
    125.03907256034061,
    98.78740569062951,
    55.62253965527616,
    142.53231225242246,
    136.17630856401786,
    101.57198638031302,
    177.42623994391505
  ],
  "release_dates": [
    28.999170894838322,
    58.196545500075224,
    5.655022047453145,
    10.055834898585235,
    37.73152159504896,
    36.03748887971554,
    3.7700120205264818,
    58.38722932538898,
    56.014298137057864,
    38.286514836172756
  ],
  "weights": [
    10.0,
    3.0,
    7.0,
    7.0,
    7.0,
    7.0,
    8.0,
    10.0,
    8.0,
    5.0
  ],
  "failure_rates": [
    0.053946560929509946,
    0.049486274784217785,
    0.047926889887091,
    0.0597021533240582,
    0.05383537120261574
  ],
  "repair_rates": [
    0.18892572640966224,
    0.2006509178159035,
    0.21148297698281873,
    0.18130780094975857,
    0.1858764309315466
  ],
  "weibull_shapes": [
    1.0,
    1.0,
    1.0,
    1.0,
    1.0
  ],
  "weibull_scales": [
    18.536862828135874,
    20.20762331293769,
    20.865113558502525,
    16.74981461007085,
    18.57514822803734
  ]
}