{
  "n_jobs": 10,
  "n_machines": 3,
  "processing_times": [
    32.315991668479086,
    88.40495891973704,
    99.80801766035526,
    26.698234299152553,
    73.89414769435561,
    98.11042371126443,
    77.5756524346975,
    22.04127840488497,
    97.320903115422,
    77.31830488919107
  ],
  "due_dates": [
    115.08233544988076,
    161.01491213717617,
    164.32662230062783,
    111.74592972325802,
    115.07875660955234,
    234.739538496815,
    178.88848450779983,
    69.47717177665983,
    220.9288964506418,
    91.94322824443587
  ],
  "release_dates": [
    73.88725477223555,
    63.56139657049837,
    49.650536083742715,
    81.89119907782295,
    34.14683528429113,
    88.55790043405945,
    86.75824062297232,
    44.67528855779857,
    91.104569880158,
    5.150482168127
  ],
  "weights": [
    2.0,
    1.0,
    4.0,
    3.0,
    8.0,
    2.0,
    10.0,
    4.0,
    3.0,
    2.0
  ],
  "failure_rates": [
    0.040329278449180786,
    0.05707566434276112,
    0.04311410584499319
  ],
  "repair_rates": [
    0.19105264949758594,
    0.1850846739950048,
    0.19151543618592484
  ],
  "weibull_shapes": [
    1.0,
    1.0,
    1.0
  ],
  "weibull_scales": [
    24.795881266760258,
    17.520602020409587,
    23.19426508798
  ]
}