{
  "n_jobs": 10,
  "n_machines": 2,
  "processing_times": [
    56.962546222320896,
    55.033415853915635,
    30.781335086451428,
    83.40022470601814,
    73.96025850811313,
    98.68717397705937,
    19.294298376598544,
    51.73224508704491,
    4.3684362008801445,
    64.84831106780362
  ],
  "due_dates": [
    207.79546280069894,
    81.91323095071544,
    41.0445773366173,
    119.00839017046111,
    195.0157096832104,
    121.50568404295927,
    155.5152823517804,
    158.68395122517364,
    16.238434348858032,
    113.82217486984491
  ],
  "release_dates": [
    99.07987292787305,
    11.36990347028818,
    3.602800199552746,
    28.766074263221327,
    68.8767880501471,
    5.146517550411613,
    134.31774072179564,
    64.89220086664584,
    11.064097905497864,
    41.31552937207138
  ],
  "weights": [
    1.0,
    4.0,
    8.0,
    5.0,
    10.0,
    5.0,
    5.0,
    6.0,
    4.0,
    9.0
  ],
  "failure_rates": [
    0.05177259126378919,
    0.051383313839267336
  ],
  "repair_rates": [
    0.18536570604896158,
    0.18084551584158542
  ],
  "weibull_shapes": [
    1.0,
    1.0
  ],
  "weibull_scales": [
    19.31523950394618,
    19.461570795688854
  ]
}