{
  "n_jobs": 10,
  "n_machines": 2,
  "processing_times": [
    83.19694297640147,
    48.13804158736763,
    87.83373799710321,
    71.82617149866299,
    78.36186107884757,
    35.326600503785116,
    81.71747808679946,
    60.356997265517,
    22.96314443914194,
    74.6391594628589
  ],
  "due_dates": [
    219.4768226128249,
    124.33892869530206,
    182.74283966873264,
    204.68478058013318,
    232.97155521180218,
    173.3954111033008,
    141.0369086810404,
    183.04259273617782,
    147.74811403365447,
    255.8334441757744
  ],
  "release_dates": [
    130.03915029491094,
    75.39361011607895,
    59.86676510594177,
    125.80470425508847,
    147.1761911319303,
    122.88147224937106,
    21.28659775878001,
    121.92555996017839,
    120.12823758424977,
    157.63192250396023
  ],
  "weights": [
    10.0,
    7.0,
    4.0,
    10.0,
    5.0,
    10.0,
    9.0,
    4.0,
    9.0,
    1.0
  ],
  "failure_rates": [
    0.04383342690780806,
    0.04860143019024846
  ],
  "repair_rates": [
    0.21593085514304322,
    0.18210491863545608
  ],
  "weibull_shapes": [
    1.0,
    1.0
  ],
  "weibull_scales": [
    22.8136395108517,
    20.57552619512508
  ]
}