{
  "n_jobs": 10,
  "n_machines": 3,
  "processing_times": [
    86.26900068119451,
    85.86753323558872,
    40.33233857910061,
    90.39499044233877,
    92.31995447089078,
    54.20980890172343,
    47.877183892312544,
    77.92515655793383,
    86.84751130945999,
    93.90443521956468
  ],
  "due_dates": [
    205.0580603054475,
    184.6585989423301,
    107.98690297331234,
    215.33612088180155,
    152.0387737397648,
    194.81179168454344,
    147.2500868605312,
    248.18025793904008,
    165.47976409253704,
    160.33762701661598
  ],
  "release_dates": [
    70.35509206151532,
    42.0074176672517,
    37.9315234780411,
    82.71346045299843,
    47.73979800765274,
    118.30284540707383,
    77.60027386323536,
    113.29201004283203,
    66.52820202587749,
    34.74199095372418
  ],
  "weights": [
    6.0,
    3.0,
    5.0,
    9.0,
    3.0,
    4.0,
    8.0,
    3.0,
    2.0,
    6.0
  ],
  "failure_rates": [
    0.044648219531504364,
    0.047344435255227274,
    0.052482642458612686
  ],
  "repair_rates": [
    0.18343196259559869,
    0.2014506746549366,
    0.18902386124060822
  ],
  "weibull_shapes": [
    1.0,
    1.0,
    1.0
  ],
  "weibull_scales": [
    22.397309691025573,
    21.121806493395454,
    19.053918651077648
  ]
}