{
  "n_jobs": 10,
  "n_machines": 3,
  "processing_times": [
    44.42223199441266,
    84.56276717338396,
    38.896786235712234,
    87.96194332128405,
    24.238109786652814,
    53.200201595386275,
    94.58612085942524,
    44.029608675171076,
    50.266340564968324,
    36.16394696254051
  ],
  "due_dates": [
    70.95694738161521,
    106.7546582155619,
    76.55988254516116,
    192.56253802026873,
    86.71659022947426,
    135.93762890144487,
    281.5380105588381,
    94.77770085537554,
    114.29292646008044,
    85.90102341948102
  ],
  "release_dates": [
    2.3651688191740803,
    12.485393609762061,
    30.81873064635559,
    26.18540896362752,
    52.61731207114817,
    42.34410563240936,
    46.99075330973207,
    33.43819795103226,
    55.98291054428154,
    48.617560148230126
  ],
  "weights": [
    9.0,
    8.0,
    6.0,
    10.0,
    1.0,
    3.0,
    10.0,
    10.0,
    10.0,
    9.0
  ],
  "failure_rates": [
    0.0489103676578809,
    0.05094199634515645,
    0.04658728662951931
  ],
  "repair_rates": [
    0.19298137940079407,
    0.18518848851135122,
    0.2139590009768714
  ],
  "weibull_shapes": [
    1.0,
    1.0,
    1.0
  ],
  "weibull_scales": [
    20.44556293248126,
    19.6301690500019,
    21.465083552781234
  ]
}