{
  "n_jobs": 10,
  "n_machines": 3,
  "processing_times": [
    2.2263250257277853,
    44.7691875193637,
    24.4384643461046,
    57.837268631878864,
    52.036485498365344,
    62.34963216751388,
    20.634970727258047,
    22.56111742179075,
    37.38290817366879,
    95.89306559104581
  ],
  "due_dates": [
    15.050948143697882,
    106.72276787897755,
    41.71426193684733,
    137.66571061368415,
    152.20017683185398,
    105.81964937765022,
    42.021920410762704,
    101.33537771455275,
    128.71053989891533,
    163.71918362601346
  ],
  "release_dates": [
    11.870393207007442,
    53.67421104991172,
    8.205553199487168,
    32.19912582841288,
    46.627040108384556,
    1.0221872518481807,
    13.903903752630065,
    67.47255891378151,
    47.526239023187365,
    30.289999179400017
  ],
  "weights": [
    4.0,
    9.0,
    7.0,
    3.0,
    2.0,
    1.0,
    3.0,
    1.0,
    10.0,
    8.0
  ],
  "failure_rates": [
    0.04496271159704553,
    0.04336553815241922,
    0.0439270965326858
  ],
  "repair_rates": [
    0.20435672734604682,
    0.1820554885920492,
    0.18761056457478187
  ],
  "weibull_shapes": [
    1.0,
    1.0,
    1.0
  ],
  "weibull_scales": [
    22.24065151946284,
    23.059785318130853,
    22.76499197382436
  ]
}