{
  "n_jobs": 10,
  "n_machines": 5,
  "processing_times": [
    42.308918138180395,
    22.34247075438656,
    65.72554226853778,
    12.347581948248518,
    48.06799638228864,
    41.910107993185164,
    35.515372405801756,
    96.01658236650468,
    86.71052835561329,
    58.166699323150645
  ],
  "due_dates": [
    96.25102850485234,
    48.94719255137254,
    108.42197901939947,
    39.6830378388103,
    78.20677399900316,
    87.14328446376652,
    87.71560646729284,
    145.77079938415812,
    140.55680907936977,
    115.25050049485932
  ],
  "release_dates": [
    39.44837813849253,
    17.5821637776561,
    38.68709002356188,
    25.403947369192984,
    13.492196314435013,
    25.677858474022926,
    50.196979470632705,
    46.1697710388819,
    14.679639865958874,
    33.18088284579201
  ],
  "weights": [
    9.0,
    5.0,
    5.0,
    9.0,
    2.0,
    7.0,
    1.0,
    6.0,
    3.0,
    7.0
  ],
  "failure_rates": [
    0.049688293484784186,
    0.0403466059649276,
    0.055684199140217806,
    0.04802548151337581,
    0.04083582129209126
  ],
  "repair_rates": [
    0.20264895626561696,
    0.21468213361185362,
    0.2100531044991165,
    0.19399220942760065,
    0.20468996113173332
  ],
  "weibull_shapes": [
    1.0,
    1.0,
    1.0,
    1.0,
    1.0
  ],
  "weibull_scales": [
    20.12546476980992,
    24.7852322663591,
    17.958415770368006,
    20.82227951679121,
    24.488303855754005
  ]
}