{
  "n_jobs": 10,
  "n_machines": 2,
  "processing_times": [
    65.70536896099634,
    12.385687369316168,
    95.07800357055343,
    48.736948741371826,
    87.37497898302149,
    22.020935411349274,
    5.0302528521398235,
    40.322251673224876,
    24.080087537489618,
    84.33233170105309
  ],
  "due_dates": [
    91.76968922748894,
    108.50406895053796,
    158.77928157824897,
    88.05948637427768,
    193.35105939837328,
    30.845457919499957,
    114.5427639817326,
    169.0972760705416,
    146.21564674448743,
    158.0740116886132
  ],
  "release_dates": [
    25.112194954934456,
    90.03683887506718,
    47.555241559010284,
    22.101648860534596,
    90.1665798270277,
    8.437990152478509,
    107.36193152103866,
    115.52405371314127,
    112.91670244450557,
    50.37794561420665
  ],
  "weights": [
    2.0,
    1.0,
    3.0,
    2.0,
    8.0,
    2.0,
    6.0,
    7.0,
    6.0,
    8.0
  ],
  "failure_rates": [
    0.05382875723377685,
    0.049393813040716744
  ],
  "repair_rates": [
    0.18512888758614593,
    0.21565348205157836
  ],
  "weibull_shapes": [
    1.0,
    1.0
  ],
  "weibull_scales": [
    18.57743056665839,
    20.24545056231377
  ]
}