{
  "n_jobs": 10,
  "n_machines": 2,
  "processing_times": [
    38.82902350331706,
    23.87607697544386,
    21.250957307163457,
    62.073330824576004,
    87.79928256920391,
    12.110211630934486,
    60.32436690828891,
    68.00480242971392,
    60.507355377825554,
    77.76228278831346
  ],
  "due_dates": [
    154.53343244765483,
    138.87495963133267,
    125.52101617735809,
    242.5466496154656,
    182.22948475380335,
    108.36377229027534,
    162.71961631078713,
    252.66246648682443,
    161.66503179085473,
    262.8177720387446
  ],
  "release_dates": [
    102.7710764326642,
    105.05662112908624,
    82.43347101694685,
    88.54492170790732,
    27.316560422398688,
    85.90775026122607,
    45.777462591802525,
    95.39804196705934,
    16.847480013937464,
    83.46396904066002
  ],
  "weights": [
    6.0,
    5.0,
    4.0,
    6.0,
    10.0,
    6.0,
    3.0,
    5.0,
    4.0,
    5.0
  ],
  "failure_rates": [
    0.04845002973828308,
    0.05348438639586307
  ],
  "repair_rates": [
    0.19157440309530005,
    0.204966702486584
  ],
  "weibull_shapes": [
    1.0,
    1.0
  ],
  "weibull_scales": [
    20.639822212737343,
    18.697045388134963
  ]
}