{
  "n_jobs": 10,
  "n_machines": 2,
  "processing_times": [
    77.49719473207129,
    12.693483344794991,
    57.84510102234019,
    50.5960752356963,
    10.662418350634695,
    45.98303807061522,
    3.0706644628414317,
    6.573890870201486,
    9.45168151741937,
    69.86410065910232
  ],
  "due_dates": [
    189.2500790779367,
    53.177755609658746,
    91.95346182112564,
    109.32286421164787,
    24.730104899596355,
    124.17033493691974,
    84.81579468945098,
    82.29541556625804,
    27.938453040439718,
    188.0289965872226
  ],
  "release_dates": [
    39.643639413694466,
    38.576942756454436,
    27.561596660405236,
    3.110639090932829,
    8.265643476549021,
    21.322841247837797,
    80.26731025678939,
    75.39990321504487,
    4.330352761159867,
    74.03187460177544
  ],
  "weights": [
    5.0,
    10.0,
    9.0,
    2.0,
    10.0,
    6.0,
    1.0,
    3.0,
    2.0,
    6.0
  ],
  "failure_rates": [
    0.04902974088154023,
    0.05573281473710139
  ],
  "repair_rates": [
    0.2095561518406564,
    0.19768066948170473
  ],
  "weibull_shapes": [
    1.0,
    1.0
  ],
  "weibull_scales": [
    20.39578390626375,
    17.94275068856874
  ]
}