{
  "n_jobs": 10,
  "n_machines": 5,
  "processing_times": [
    41.427601632617844,
    49.36753799038112,
    25.84398239048444,
    33.771519770788004,
    35.73928482121474,
    51.68750689899712,
    68.68005209218856,
    90.03436005566822,
    57.70972605186097,
    26.56754287534371
  ],
  "due_dates": [
    64.3722896019507,
    94.48926644507792,
    48.92276183889152,
    55.13416313707837,
    64.49533179262146,
    73.09285574650887,
    80.36794655204059,
    133.59049544666428,
    106.30898662810938,
    41.68851550453017
  ],
  "release_dates": [
    5.231093850583357,
    23.40960969260122,
    20.893908620644257,
    7.8910908917474165,
    17.644926390974756,
    10.551362608035992,
    4.194993896483336,
    23.175087396785216,
    44.958649125071474,
    11.803988700988736
  ],
  "weights": [
    5.0,
    2.0,
    8.0,
    7.0,
    6.0,
    10.0,
    8.0,
    3.0,
    8.0,
    5.0
  ],
  "failure_rates": [
    0.04970148835388216,
    0.05189098884096534,
    0.051129790919523334,
    0.04757441207565268,
    0.04945595286503925
  ],
  "repair_rates": [
    0.21830402427399737,
    0.19136519294642534,
    0.20935887904355224,
    0.18886307795950708,
    0.18357416967901852
  ],
  "weibull_shapes": [
    1.0,
    1.0,
    1.0,
    1.0,
    1.0
  ],
  "weibull_scales": [
    20.120121813653704,
    19.271168700692595,
    19.558069415421006,
    21.019702742932548,
    20.22001280066139
  ]
}