{
  "n_jobs": 10,
  "n_machines": 2,
  "processing_times": [
    91.10274269586085,
    92.64543019470281,
    53.45725574581303,
    4.426710946660913,
    36.73069355040603,
    72.30473142549931,
    63.68086904113014,
    36.61301171206263,
    86.3279705647436,
    58.733757875164585
  ],
  "due_dates": [
    142.7495025296642,
    293.91352238183595,
    152.39285151375253,
    27.522475527618575,
    162.75090298909922,
    228.99803757685936,
    102.78495149994018,
    109.14724146332895,
    171.4925660176547,
    139.3525789050857
  ],
  "release_dates": [
    44.28441798529019,
    134.4245703406585,
    54.889305838373,
    21.0851011133123,
    117.24462272892183,
    99.29015156164745,
    12.908866743609009,
    40.71957918290864,
    62.41136933441323,
    61.283507593454736
  ],
  "weights": [
    8.0,
    2.0,
    10.0,
    10.0,
    7.0,
    3.0,
    7.0,
    6.0,
    10.0,
    3.0
  ],
  "failure_rates": [
    0.05382158130089379,
    0.055124398944016655
  ],
  "repair_rates": [
    0.19702635160918097,
    0.21060470017194988
  ],
  "weibull_shapes": [
    1.0,
    1.0
  ],
  "weibull_scales": [
    18.579907461459022,
    18.140787367415687
  ]
}