{
  "n_jobs": 10,
  "n_machines": 3,
  "processing_times": [
    89.07742116373187,
    11.1606739032666,
    13.032248713753772,
    29.083670256480104,
    72.53272443494475,
    5.780080911201798,
    86.07866541824126,
    87.62936471804164,
    9.043803582520345,
    88.04317665660302
  ],
  "due_dates": [
    105.85410452127533,
    100.04631015639929,
    88.85829629964978,
    99.7202772846951,
    194.66877057449662,
    24.306236254340156,
    131.13366020358407,
    179.00292517369354,
    74.93782676431714,
    213.19154141074722
  ],
  "release_dates": [
    16.771297712370703,
    78.82689529300293,
    74.490498181562,
    61.30916175075476,
    60.35995254194619,
    15.20144406154215,
    3.1792767818558296,
    62.69748314044493,
    58.92044161217199,
    39.95039143001996
  ],
  "weights": [
    9.0,
    4.0,
    10.0,
    6.0,
    2.0,
    5.0,
    1.0,
    7.0,
    10.0,
    4.0
  ],
  "failure_rates": [
    0.05849210728823902,
    0.05503194953096522,
    0.05623737487477925
  ],
  "repair_rates": [
    0.1996135970093038,
    0.203495467926254,
    0.20961217036973434
  ],
  "weibull_shapes": [
    1.0,
    1.0,
    1.0
  ],
  "weibull_scales": [
    17.096323698378185,
    18.17126248521003,
    17.78176883659037
  ]
}