{
  "n_jobs": 10,
  "n_machines": 3,
  "processing_times": [
    12.94584156216158,
    65.92690656879566,
    60.204791864538365,
    37.515770308663406,
    73.59843427833408,
    80.21456893229771,
    97.5401502592945,
    27.63849177359539,
    30.085431702159056,
    28.847136933494433
  ],
  "due_dates": [
    100.49364669037136,
    118.54266716940288,
    84.57789136881998,
    127.6452482407944,
    172.16530224547228,
    105.23174555585078,
    147.33828656409517,
    76.23558554945632,
    68.30916856261493,
    69.93764326048002
  ],
  "release_dates": [
    82.20896575928725,
    21.0426282650179,
    0.3459873582959402,
    79.38523650726782,
    73.63609532150224,
    16.67441904446217,
    24.81665094023999,
    44.98579918108895,
    36.16266994682342,
    32.030281249584256
  ],
  "weights": [
    3.0,
    5.0,
    9.0,
    8.0,
    5.0,
    7.0,
    9.0,
    9.0,
    5.0,
    9.0
  ],
  "failure_rates": [
    0.0505959637497342,
    0.05610084527159836,
    0.05954585433797615
  ],
  "repair_rates": [
    0.18531623140360476,
    0.20849781198030712,
    0.18681844094899058
  ],
  "weibull_shapes": [
    1.0,
    1.0,
    1.0
  ],
  "weibull_scales": [
    19.76442241413483,
    17.825043368932278,
    16.79378037510559
  ]
}