{
  "n_jobs": 10,
  "n_machines": 3,
  "processing_times": [
    41.23398451266656,
    80.6556450158081,
    36.71086895812356,
    95.22778512289803,
    37.29868656413269,
    95.37288722249258,
    28.27872234016332,
    22.250800617754606,
    2.0080342207676747,
    13.688520736032832
  ],
  "due_dates": [
    89.379381426518,
    104.38714624837903,
    107.60384335138735,
    147.0668339001286,
    108.28495856004834,
    168.79854681777317,
    114.0088645889679,
    79.64846695297585,
    65.01771015827619,
    88.93049946428016
  ],
  "release_dates": [
    47.879468310551864,
    16.58367095788612,
    63.253610116458844,
    33.70301805582678,
    65.55264737280189,
    68.07694595061234,
    72.49464945217034,
    56.55583010413163,
    63.00489411274146,
    68.6238242596335
  ],
  "weights": [
    1.0,
    8.0,
    7.0,
    2.0,
    1.0,
    1.0,
    3.0,
    9.0,
    6.0,
    7.0
  ],
  "failure_rates": [
    0.043163862879553296,
    0.05602824934657588,
    0.05266342567105123
  ],
  "repair_rates": [
    0.20895759197774455,
    0.21118225083339476,
    0.19397065532965857
  ],
  "weibull_shapes": [
    1.0,
    1.0,
    1.0
  ],
  "weibull_scales": [
    23.16752795713517,
    17.848139316548433,
    18.98851028503628
  ]
}