{
  "n_jobs": 10,
  "n_machines": 3,
  "processing_times": [
    27.311057993307873,
    71.50290938534962,
    35.94414954376711,
    45.770760910953754,
    7.863877178296778,
    71.3454840466509,
    54.94471755052792,
    61.3951576283787,
    14.790212371216892,
    57.62068562810751
  ],
  "due_dates": [
    50.228598900769015,
    175.17781442269336,
    79.09278969311286,
    123.9346706550817,
    57.018401399000325,
    183.1612862570684,
    168.7884541867486,
    94.95094732750016,
    38.10628081211125,
    153.92637918555505
  ],
  "release_dates": [
    14.741962897578599,
    35.07550274419797,
    35.50363359694765,
    26.374775564340467,
    41.15132271307503,
    65.07735777340666,
    68.64678791363838,
    13.914366654153088,
    10.533351329190264,
    58.30465988179672
  ],
  "weights": [
    4.0,
    2.0,
    1.0,
    4.0,
    9.0,
    2.0,
    8.0,
    1.0,
    9.0,
    6.0
  ],
  "failure_rates": [
    0.04004585568195011,
    0.04628842384215595,
    0.04838729627193855
  ],
  "repair_rates": [
    0.1849065053182761,
    0.189532091732814,
    0.1941851952173873
  ],
  "weibull_shapes": [
    1.0,
    1.0,
    1.0
  ],
  "weibull_scales": [
    24.971373016527412,
    21.603673596880537,
    20.66658145931444
  ]
}