{
  "n_jobs": 10,
  "n_machines": 2,
  "processing_times": [
    76.1363516130434,
    17.50640044435,
    69.24389798481877,
    31.686910346148487,
    3.449920377087453,
    15.54633962226881,
    21.228887575814944,
    83.23109832056453,
    8.114589962047656,
    53.73120375534972
  ],
  "due_dates": [
    126.3312010371396,
    84.71166866479226,
    129.12354468684427,
    66.05416562342916,
    99.48188312796123,
    55.50339812854175,
    75.39291051583109,
    197.92158163163845,
    48.44393805215722,
    158.91535882521498
  ],
  "release_dates": [
    49.20657606925213,
    63.32845032572537,
    35.286083658583806,
    24.79160449675759,
    94.80425682867784,
    39.50124893913961,
    48.55870544234257,
    85.89969009619462,
    36.734048997089324,
    87.08941549191493
  ],
  "weights": [
    5.0,
    2.0,
    9.0,
    8.0,
    8.0,
    5.0,
    10.0,
    9.0,
    8.0,
    5.0
  ],
  "failure_rates": [
    0.04992210128331873,
    0.0590679124124675
  ],
  "repair_rates": [
    0.20265606486210627,
    0.20395672706570905
  ],
  "weibull_shapes": [
    1.0,
    1.0
  ],
  "weibull_scales": [
    20.031208108103932,
    16.92966551817615
  ]
}