{
  "n_jobs": 10,
  "n_machines": 2,
  "processing_times": [
    36.75682523676646,
    63.10827821455276,
    86.39787328180675,
    50.402622109014594,
    56.73915219925958,
    10.410221081532775,
    63.966945147083315,
    85.03876735932964,
    65.47742706413874,
    53.569064009201504
  ],
  "due_dates": [
    98.89583753497108,
    160.66841607031776,
    174.8568793303995,
    73.04049756597779,
    216.0706544076903,
    36.065763578117604,
    225.12325129320124,
    206.9654266654711,
    116.56688724875129,
    189.7293889749185
  ],
  "release_dates": [
    30.53421639113365,
    93.38069672495287,
    5.789730901469029,
    1.4509940406789772,
    107.7550883766555,
    17.050992023774477,
    120.31396256379693,
    64.25204637555284,
    29.044818127721147,
    120.88217398365259
  ],
  "weights": [
    9.0,
    3.0,
    5.0,
    3.0,
    10.0,
    7.0,
    1.0,
    2.0,
    9.0,
    5.0
  ],
  "failure_rates": [
    0.044378443902111334,
    0.044380588924668736
  ],
  "repair_rates": [
    0.20154613253766193,
    0.18619707402905863
  ],
  "weibull_shapes": [
    1.0,
    1.0
  ],
  "weibull_scales": [
    22.533462466727553,
    22.532373369298732
  ]
}