{
  "n_jobs": 10,
  "n_machines": 5,
  "processing_times": [
    5.25611883212889,
    75.88596426128478,
    68.01929920137941,
    86.56176302852771,
    5.903130926660509,
    51.57694618299325,
    61.82545906769812,
    36.37900959359312,
    3.158043178924204,
    10.569605798768093
  ],
  "due_dates": [
    19.439795827416084,
    105.39615091411088,
    102.93972559723387,
    153.15618825580685,
    45.50881591444178,
    66.54387603550819,
    104.63761807952373,
    87.07821744494902,
    8.702193067798879,
    41.10022493179248
  ],
  "release_dates": [
    13.108556166665826,
    14.893407828770467,
    15.377721155276657,
    38.31631852776264,
    36.775162502328655,
    4.443814350563451,
    37.36883258621346,
    32.51274755434544,
    5.490280098204277,
    25.974563237277525
  ],
  "weights": [
    2.0,
    10.0,
    1.0,
    10.0,
    5.0,
    1.0,
    5.0,
    4.0,
    9.0,
    1.0
  ],
  "failure_rates": [
    0.043496923015941075,
    0.05982654104990759,
    0.04257630451404469,
    0.05686505503518007,
    0.04904855879285924
  ],
  "repair_rates": [
    0.19770134867765274,
    0.21250851515971864,
    0.18464572948467675,
    0.18943103848939813,
    0.19363703188698833
  ],
  "weibull_shapes": [
    1.0,
    1.0,
    1.0,
    1.0,
    1.0
  ],
  "weibull_scales": [
    22.990131960219635,
    16.714989408560243,
    23.487242761290588,
    17.58549252051794,
    20.387958884239133
  ]
}