{
  "n_jobs": 200,
  "n_machines": 15,
  "processing_times": [
    66.65028053140098,
    96.12485859337043,
    12.751374438114262,
    40.510308159960424,
    51.46108866208386,
    11.514916608485372,
    78.59780342727,
    89.44244947683828,
    35.064504727258964,
    17.7010515275821,
    67.35789041229174,
    80.1665761607435,
    79.02168772531714,
    6.7096813770268495,
    56.166943295001474,
    17.719572454937072,
    29.833495082019624,
    75.21114255092812,
    75.28401280971231,
    19.109892853770585,
    96.60237528074424,
    66.04451168976928,
    78.8057377711991,
    83.51191369038723,
    24.05344287354719,
    58.30769267896173,
    62.99987065797383,
    76.47151328691231,
    59.37368034966658,
    22.21949337809098,
    86.77625377824138,
    22.382379100214468,
    21.135691558486364,
    89.41577174194357,
    92.71519117547913,
    91.3938605795966,
    4.036027970681406,
    47.68974250130228,
    91.0754946664236,
    76.3703394261658,
    20.753853869518764,
    97.57371453833397,
    77.9072224411482,
    49.22862018204911,
    63.675162616897005,
    19.51650196171032,
    35.68951706480858,
    36.26402852839899,
    42.30646257707099,
    64.924686339315,
    22.323068348901533,
    48.139466984511365,
    23.59063204884566,
    32.097054277525295,
    20.85461139776868,
    53.025565559061135,
    32.24485009003931,
    77.32984940845965,
    56.9291630251033,
    74.81256182428679,
    35.74507215301533,
    81.1796985620301,
    1.080543900091297,
    99.29181041490266,
    16.685346586654276,
    66.93615863722454,
    92.47644511618319,
    70.95903591393086,
    24.124964373702294,
    13.751554347911956,
    25.89748695518136,
    25.02307917598903,
    92.6998648535716,
    95.51265719964948,
    54.22624566491645,
    69.42588027665491,
    26.47924935403781,
    55.26175341745058,
    27.585175383087766,
    1.1058507220869203,
    77.29593489606148,
    84.13852535448919,
    70.24054045705186,
    73.35444543458422,
    20.828353927371314,
    49.24842029347243,
    24.403054889602956,
    60.169905323406034,
    29.57723399926454,
    23.0747093005954,
    10.17839620319952,
    8.392716029996532,
    87.22839108335327,
    88.75022661107722,
    70.15262343054476,
    37.41356704018376,
    89.76580026916488,
    70.58833598956338,
    9.393783686918749,
    50.128093067543354,
    64.55079396393256,
    34.44183399703839,
    98.64150556379369,
    74.01621081302773,
    26.63897256305481,
    57.85282572083001,
    13.388564729260743,
    63.4595118893686,
    92.60045665364966,
    94.26279258901064,
    55.187338445749525,
    48.239601135683074,
    40.01466081678091,
    80.62818404440435,
    51.751219772880354,
    12.303426666809484,
    22.084236108858455,
    25.937871957911064,
    19.83451882780866,
    4.398463379158459,
    57.096646687726135,
    50.18407963837136,
    77.89732967234796,
    55.7398374720875,
    6.267039059140304,
    28.86343888022714,
    36.28837475854819,
    73.4472511016772,
    30.007927763975697,
    4.082879069443441,
    71.22070655843166,
    88.8706203486439,
    78.45305524601034,
    76.72710375240935,
    21.914482875030604,
    52.07415847652277,
    67.35242582664266,
    32.27238698549192,
    73.18987999238047,
    39.39429507838403,
    20.290049321079934,
    38.3291770911391,
    23.05251393999315,
    59.25316268307285,
    74.06392825104524,
    77.10863689127241,
    14.416975229039089,
    94.21051224592493,
    44.10772198131896,
    60.28456018527769,
    19.046616185477063,
    74.36573408367627,
    93.85574112288596,
    58.663470782595695,
    89.19070361607959,
    18.581657590176313,
    76.90622414823892,
    96.01176419236806,
    57.54604765759749,
    4.7968507959040565,
    46.93226393960948,
    16.836546948760674,
    11.658748114415156,
    18.002545756473214,
    17.711715830805808,
    49.09501732842911,
    26.30928452909328,
    39.641915677941306,
    6.706900421667065,
    29.54964039704659,
    72.38017252385251,
    94.28741416154803,
    43.53822678537939,
    27.51291123112351,
    79.92279942428131,
    68.32572666572729,
    79.48665299618088,
    7.464930853864385,
    8.861904696059785,
    9.092196142977702,
    62.03070634659813,
    11.287878609354824,
    56.56194740815561,
    33.775618237256126,
    17.14114778342384,
    16.737584906247726,
    98.38258324360355,
    92.33311360443889,
    46.97195717961707,
    67.7313007868229,
    49.848295837930266,
    44.57843493823295,
    51.45934037122837,
    76.9601606007982,
    99.21751695713144,
    37.45447738259667,
    88.21358009262627,
    63.78553406575396,
    5.7773106237808145,
    60.77267267891552
  ],