{
  "n_jobs": 200,
  "n_machines": 10,
  "processing_times": [
    74.74329775225476,
    20.912043328827444,
    87.3472288333318,
    48.37299760099646,
    87.78332584865545,
    80.8384849668103,
    63.39326462861859,
    91.18454582599745,
    32.57789215748497,
    50.44237578508101,
    90.88212375780869,
    42.105429795796,
    48.0338305132495,
    80.61116217309676,
    38.7087345640283,
    17.98178044599973,
    19.991835714292574,
    18.946610036624442,
    46.99973371828836,
    79.37459485539345,
    55.301551953668515,
    5.07812264606888,
    16.73100496847621,
    98.0194903831923,
    85.94094872381771,
    27.153430484909066,
    47.717222902026,
    86.34272524854232,
    17.82314634703755,
    59.35902330296948,
    60.54621650070327,
    52.38217452743005,
    44.350970072713224,
    91.81330522118215,
    20.602523714964597,
    75.55552701240823,
    10.443186894989575,
    62.67191140794542,
    32.301775976723555,
    12.240185715329911,
    21.970109878614505,
    20.257034209675766,
    67.53315727057729,
    65.70487086615191,
    43.215388816315034,
    14.046093403942281,
    7.2347893943303845,
    67.03831087805598,
    28.334012723326182,
    4.299426445741572,
    8.384581729047566,
    54.37767630752057,
    12.189122954885923,
    13.820712153967246,
    17.9912278091316,
    54.78767421867037,
    56.937466366601186,
    17.611290441579413,
    42.930203746121315,
    60.94944966000012,
    24.46788145903749,
    89.45239938960195,
    67.30909878771836,
    61.65694035568964,
    66.72487320789104,
    93.53200725685399,
    16.900184399055643,
    85.55376641931714,
    78.69754446793306,
    69.52987706642932,
    35.49736101934481,
    34.988452502433404,
    64.5613105977743,
    10.875278883231276,
    91.31718668218129,
    25.956784824237264,
    86.03156266848038,
    52.8043953674937,
    40.898161213888145,
    19.91327751815948,
    25.489476223917148,
    21.470712499791524,
    97.04514580365272,
    35.534583524132465,
    72.43697315996144,
    85.4035091275344,
    70.4875632936483,
    3.538019054920131,
    52.62305428977843,
    80.82901727974784,
    14.070217995306948,
    82.95711530126651,
    61.88536884418495,
    90.15067299288079,
    76.00571092384922,
    36.11581167536331,
    80.95563788483284,
    75.72989106729361,
    59.95568413906458,
    19.21796578032244,
    29.297526436880307,
    56.11572207432259,
    64.95305677162594,
    29.49809698474557,
    16.2011682752904,
    83.36173543111974,
    84.716926116296,
    22.618900605633826,
    43.588406250155096,
    25.213864404392037,
    84.9365608623335,
    1.9638199211350438,
    52.53605639478476,
    75.91413406667715,
    19.69515274594394,
    16.228405344517043,
    38.62198055641583,
    41.448784331415645,
    80.56833153999074,
    52.019530709479696,
    42.99203775684992,
    32.75873890814971,
    72.02153069982619,
    23.407417030019502,
    76.30053351720868,
    3.017128238198868,
    95.9346163718442,
    93.3422955704582,
    30.24225746532974,
    72.24425459280535,
    89.04457033442169,
    77.97005994867888,
    50.675639166126096,
    20.48366820781189,
    85.94877712854053,
    84.84152278781104,
    68.96653619960163,
    72.3378295215969,
    9.136217701443709,
    88.54751391413784,
    45.55888665770159,
    23.39351952522515,
    20.46121961661087,
    20.868235323161688,
    13.706466603386607,
    34.12792912039038,
    72.90168855796571,
    31.41140972153101,
    37.46505645040037,
    12.472177178048605,
    64.23166540796392,
    25.180050667510912,
    20.716973447848233,
    15.45651043111939,
    43.93797464684546,
    34.02272572749464,
    52.26847733124314,
    9.854005467375515,
    52.463169966128255,
    21.53742607627928,
    54.5698671460221,
    2.3554257503487688,
    40.54876797550432,
    7.404968359043403,
    60.36395778800028,
    95.80680316046957,
    28.336911323264065,
    79.95658944889614,
    51.150987969140026,
    43.25783299906477,
    11.967909416626664,
    15.781063575234809,
    90.53616165695037,
    82.53076803147546,
    87.13677964719177,
    84.84437880154496,
    41.43141734027039,
    97.15006161472628,
    39.96120843886093,
    20.73836891628827,
    9.232697562214186,
    40.825027457596924,
    60.18747499140642,
    34.596723160181895,
    5.658152173463059,
    45.554035546923195,
    77.57755854599239,
    86.62368857032796,
    39.10978817180762,
    22.41217710808841,
    46.38357389320338,
    89.82301656449614,
    21.83872023183521,
    32.412161608075195,
    12.322253181077418,
    28.94171996443657,
    91.16306899028557,
    97.25791619890214,
    37.925385069258205,
    56.034965283973165
  ],