{
  "n_jobs": 200,
  "n_machines": 15,
  "processing_times": [
    11.003061692597077,
    47.48394197111685,
    82.12007180046702,
    20.965022975546507,
    22.46860503085869,
    95.5698341085916,
    39.080629916508116,
    70.08558194560307,
    32.43268388728629,
    40.03601219868245,
    77.50681525194085,
    81.968763097197,
    66.38017996312261,
    41.49007807110619,
    30.746583967745188,
    88.17964447463527,
    15.875763926550482,
    44.94049484473763,
    33.58941343728549,
    61.893049435536376,
    74.05753441852261,
    29.10075496087453,
    26.58965616505316,
    64.21236771729369,
    74.50997853162512,
    14.655745151108068,
    73.80394475606649,
    24.896543759830557,
    80.28893234802202,
    84.19123216634507,
    30.077113059299535,
    26.366782032649063,
    58.538117889533595,
    4.284713791025386,
    99.57580187279842,
    1.7686205119437837,
    54.24891882494871,
    35.09318456441536,
    23.126288633807608,
    7.387218411185865,
    1.5883614738114615,
    82.3854055520211,
    87.28387672584178,
    11.157128812155602,
    38.48866927551699,
    4.6848042514303625,
    28.052777882435805,
    10.182341197348144,
    56.299314657799954,
    51.793750229652254,
    81.38861065908586,
    44.06812151492821,
    40.37015398643158,
    51.632348642153,
    92.72581881345297,
    84.8045250141589,
    39.92747905219078,
    57.00485580423396,
    35.370608565991354,
    5.733000464149143,
    13.06827672037145,
    23.916173370680532,
    43.43339213955219,
    31.894345214990416,
    89.81567753481949,
    74.76339089829904,
    27.734965323711698,
    97.00048309617713,
    31.319883313415694,
    97.02684325749745,
    69.88819727712091,
    98.51900407848707,
    73.6826822474998,
    17.373980517259703,
    58.80041823199129,
    81.49715231359832,
    9.458547422842312,
    36.56382568270568,
    49.00241728165977,
    9.942069661361625,
    98.83930025675889,
    29.891502420628562,
    76.89281882288151,
    54.32629710960008,
    53.11276304332816,
    20.748867297711772,
    21.9297627505839,
    78.8931202754056,
    98.3141612496573,
    32.718858769855665,
    28.334382855789276,
    55.18941501827554,
    85.50665343665503,
    58.308549756585236,
    25.830227434891462,
    21.080118915122462,
    18.92302093784462,
    70.4176253973993,
    21.3491417236215,
    70.45069884238842,
    40.38319655122471,
    48.5088475076065,
    23.71433092422842,
    96.34114655614827,
    63.841745642735106,
    74.50211939644578,
    5.724258213768478,
    93.88306433628529,
    90.07543345713458,
    13.61123762880505,
    22.695610814812564,
    69.78008108108592,
    58.87845065814569,
    52.949993491935544,
    53.56815717668579,
    45.45794387819447,
    62.68727185211932,
    77.22942106705472,
    50.84537846867111,
    78.3122108715057,
    76.59583544745746,
    46.70833645115522,
    86.67572994841878,
    40.9126450638634,
    2.9353080626399435,
    24.13182906421047,
    37.21751482898652,
    79.65342296317066,
    83.63067141945521,
    29.24407658852378,
    82.82676609778164,
    2.616955682973605,
    65.48234634402843,
    83.97734049066197,
    73.29196425558078,
    99.93429293499811,
    28.638560165488144,
    32.474909634987995,
    90.57310785034495,
    79.83301158132195,
    32.29462006238821,
    12.980529159243986,
    31.34209916446893,
    47.63687117375483,
    31.270215437562236,
    52.702252734527704,
    4.098666097708708,
    32.53262608191061,
    38.247031377287236,
    75.77531131328165,
    70.58357777985923,
    79.53726901997194,
    56.08432755504198,
    99.872796916359,
    81.99526596008984,
    17.50550728518146,
    93.83314968759026,
    21.696941457755656,
    12.953456834030625,
    52.262881394444754,
    54.95342499801894,
    74.17811933528155,
    30.6872997875025,
    16.642741281791572,
    50.38223620622515,
    90.46031235361693,
    27.273950759318353,
    82.64852573608506,
    36.18932613162913,
    76.14702063131695,
    48.61905789104557,
    96.32997595882433,
    24.50969652198014,
    68.35256403280148,
    55.149627102467285,
    64.78881652138918,
    12.368214909175906,
    15.385103773660404,
    92.92665136099679,
    97.21682935076875,
    72.89721892499058,
    22.903397309423084,
    42.450526552715885,
    68.6803141866171,
    65.41010749084496,
    67.00830325185126,
    26.753500498536084,
    87.11802740250066,
    60.73690340505282,
    69.38259041220329,
    13.904770379018267,
    54.37786166597566,
    36.04250316766028,
    76.63416922671708,
    4.696563688139172,
    65.84970012325006,
    65.12355541805529,
    83.66528927306126,
    57.85443758179186,
    53.020044382030775
  ],