{
  "n_jobs": 200,
  "n_machines": 20,
  "processing_times": [
    10.507195100548323,
    32.419442626561924,
    79.33196995577329,
    85.74691844368911,
    69.24308985586768,
    78.43030588930338,
    47.035940523148106,
    91.7038251805557,
    39.26317466748608,
    81.29965926208438,
    55.97777151998087,
    48.76517332262407,
    67.11459471178225,
    41.33554634687191,
    65.02985627929856,
    7.329405313355385,
    67.29385403860425,
    17.39989978076732,
    94.04816594482004,
    91.93576561094575,
    19.335896462462642,
    10.160609265452852,
    81.73705604929675,
    48.819680827530135,
    78.10742683422082,
    95.70756398251778,
    72.198374374753,
    25.73219667970732,
    34.465248227781835,
    14.57458830666409,
    69.74345655899121,
    12.700208775896932,
    23.753403677847473,
    32.503704100391026,
    9.24614787204279,
    90.71283604449486,
    79.93749968188375,
    4.144091769489803,
    36.19269547139299,
    13.739038489203745,
    52.22248598879634,
    35.27746728832568,
    72.4163976303605,
    59.22427627657516,
    33.02852976064585,
    44.133869809853365,
    77.89858049046948,
    6.661555190734601,
    37.25619946449914,
    59.59952545448837,
    5.013034682260238,
    28.78311208441858,
    15.761551667174976,
    49.44221548123916,
    30.184590176103193,
    24.207735639674084,
    37.69157718513476,
    35.40207939688734,
    35.130490800437535,
    43.491632074856774,
    49.49570325244229,
    40.041284699942565,
    3.0307286238423723,
    79.8441744343898,
    39.27459348026611,
    7.382746565462741,
    82.8061630474962,
    19.903801859463993,
    72.34396063535034,
    7.503154400548461,
    17.456818280780986,
    92.01043364539764,
    39.34194673069663,
    84.82719485982436,
    23.609199056756264,
    31.161095637971975,
    78.01649996116181,
    13.051721771380308,
    65.23491712549351,
    34.30160731502097,
    22.78609688197513,
    97.5706740184214,
    3.2415122230288933,
    52.161270126234236,
    78.11485592469438,
    86.55010491917419,
    37.278832703741614,
    94.6183375965457,
    41.60678159382518,
    36.892096877277154,
    8.484343631370226,
    20.563698615767247,
    95.68838226647136,
    21.392437686381854,
    70.94700340612451,
    88.35775464355864,
    81.54968028125722,
    98.39253224519119,
    40.72726292777201,
    65.23852031218084,
    73.89020077153688,
    64.15864633713524,
    58.00675025733916,
    44.48045499281632,
    94.49172390529621,
    26.66474505514133,
    71.89567490789966,
    75.15042376910479,
    65.43068181006909,
    59.74113029268323,
    99.50188546383328,
    18.83834535420253,
    9.286951003551142,
    83.98800479201236,
    67.69399629855994,
    18.471658557648382,
    74.65520237357184,
    37.093053539655486,
    93.2307390282767,
    24.43619285348941,
    21.590459342960184,
    59.52374071164248,
    56.879942640459774,
    15.507435140359641,
    42.72016484815931,
    65.7560078883963,
    40.175022178483296,
    60.992763759045424,
    90.81851395463968,
    60.357719594986726,
    75.1656118012362,
    15.904465619574324,
    19.71461615140854,
    43.96007380487125,
    16.27528616752869,
    28.264569114490534,
    80.627097863612,
    99.4169187427796,
    74.64699427256946,
    83.39394878541337,
    19.619243777539186,
    68.73087746469959,
    55.53529694456955,
    58.7710385875641,
    69.71781291182717,
    62.652177961587356,
    83.90350107020015,
    86.32549054912883,
    2.0175413113644307,
    54.53612857966016,
    93.53100405150713,
    86.7326863688215,
    93.8724851129957,
    24.028335660880373,
    42.79807274154698,
    43.40404007634369,
    52.25823320396963,
    61.04264251715719,
    64.6173922828164,
    94.77677951886284,
    61.10920848197238,
    32.53145259325126,
    51.997878896099316,
    99.8207900861571,
    51.02605348531733,
    49.440182838156694,
    80.88345182536688,
    79.76998687565349,
    96.31190060675993,
    75.40922501523303,
    79.05750959344128,
    83.49681717338463,
    82.55028726307313,
    52.45064454115832,
    93.28942463794488,
    48.8373399123233,
    17.77477865197124,
    36.04217675151367,
    60.63136267557346,
    3.8591533920800467,
    94.84095918599616,
    52.90615598300877,
    46.52114403962154,
    31.225888350161796,
    54.08648486268363,
    86.31680351813482,
    83.03781836070368,
    25.773662346439075,
    3.9376989683162105,
    81.74597085542614,
    94.11712826236761,
    18.563490056791604,
    95.0094870831963,
    11.274664028590248,
    48.30023352676234,
    20.663989376698755,
    60.85739231281729,
    86.38313545162818,
    94.70061682979883,
    27.260488200295182
  ],