{
  "n_jobs": 200,
  "n_machines": 15,
  "processing_times": [
    73.45168995013398,
    13.419852339131271,
    43.90071240944025,
    43.5186433789111,
    42.867869123254025,
    48.08932557642772,
    42.76124369455264,
    64.3473157188337,
    22.39491227920373,
    22.307934842906285,
    72.9192811649788,
    34.34049999750337,
    91.45897002360161,
    27.585836613884663,
    70.49962090562717,
    47.80734726047848,
    86.03562298259554,
    98.00288420307075,
    76.81023637670916,
    68.30265929387497,
    97.95952273071408,
    63.046233248049916,
    87.16699096223415,
    36.61730416833793,
    37.82079602489031,
    6.675174850721938,
    60.73904728181467,
    9.188116608052521,
    40.75343346929863,
    41.19324697095729,
    68.27289230360212,
    2.7060878135694253,
    66.73174873496026,
    54.230214114644305,
    10.105647614326733,
    16.267638019741476,
    62.82052157067526,
    36.60176286158168,
    45.55360632903686,
    57.885670876198084,
    5.674178606955727,
    26.768705836885868,
    18.84151320949036,
    3.981608306274441,
    82.97072120342973,
    21.742899531595633,
    74.27814964529972,
    43.32019885953303,
    17.41385407166697,
    41.09260127334055,
    45.92778202470472,
    9.409500187542557,
    92.96017777388661,
    26.953617338870036,
    79.22730958831895,
    60.021431578424504,
    93.9176777002356,
    74.53750163621592,
    27.788342170255916,
    8.203985692020348,
    17.107207660341853,
    49.848561652602676,
    74.44782161286058,
    46.08985773806238,
    55.528657129688696,
    74.3318749765717,
    23.761374289914055,
    27.354592579824633,
    43.2927423040611,
    89.22669823342453,
    33.488116209356015,
    91.11154341554082,
    39.00827291049356,
    70.33301052802796,
    89.24163013490735,
    3.5743212368295723,
    46.18182433475526,
    76.32203368932034,
    59.17012418343224,
    39.02737021056672,
    2.133459117494311,
    78.51831363951847,
    98.07916389492269,
    87.9946226250218,
    75.29360688830528,
    75.17429385766,
    69.84666413304763,
    93.88988972639517,
    94.21670180015613,
    75.15292743124007,
    69.85946876925436,
    27.6850092307994,
    13.823728481315674,
    2.585854370839132,
    63.11350827612745,
    81.18954954808697,
    24.283202636289204,
    90.44741657597844,
    59.902678465929604,
    30.364772866083342,
    99.65560234742352,
    31.51261631535436,
    84.74892627771563,
    83.81156613681617,
    68.3628799206258,
    84.04807472690051,
    91.88897845110634,
    99.77631588680245,
    85.85103292794129,
    56.52217095684024,
    5.215261551995088,
    30.936095651445587,
    52.589553199284765,
    33.06734116105413,
    76.73073731510424,
    58.27399959078969,
    67.99910070962228,
    57.908759719058054,
    39.99513131587229,
    17.42462276105887,
    3.3011000802503814,
    54.86117241898141,
    11.50308474732403,
    96.71108661757867,
    14.058323767897097,
    4.641739419225982,
    85.59887957774957,
    95.83376903843143,
    91.69890423364473,
    66.36292839511353,
    28.30893783348743,
    43.996596088148635,
    58.76178475704278,
    92.1093834104504,
    61.16428543541147,
    77.26314641686606,
    83.09821267047563,
    93.2536130399032,
    49.81507792936881,
    66.85147855233645,
    79.8984076294686,
    75.83359435433611,
    34.954508591827974,
    38.106981608521245,
    41.83396008493606,
    96.16807560212858,
    1.1914021960916985,
    9.209881944330196,
    35.60221137418401,
    98.78024797957535,
    49.62173804654982,
    79.82609493901016,
    64.31486770679004,
    13.196623305639516,
    63.89867175837862,
    83.97775390849645,
    63.82220744789779,
    61.648859261028086,
    16.911471637884972,
    66.54582166958026,
    69.71370861589382,
    53.99994225563154,
    55.25368143105316,
    97.88456734504189,
    50.32902787106523,
    36.24414159913725,
    70.54613186883356,
    17.862137078052783,
    78.93950798834067,
    68.92584933081893,
    33.146210192354886,
    87.15156956304833,
    42.85168347016825,
    79.16877217826793,
    29.446739658853417,
    82.70432487997377,
    5.962237948416122,
    58.77956022330487,
    88.10912827956953,
    89.96893483114978,
    29.716017973063284,
    11.194893448693726,
    90.31047516992838,
    91.705665205744,
    36.824020124353474,
    25.52485964767263,
    35.70609913732668,
    86.60440814000691,
    93.97734676437867,
    19.548977010818078,
    90.7226765408636,
    85.27219834169887,
    81.51053988756533,
    16.656016956735172,
    49.051565688671516,
    93.98279723554609,
    58.257196367879075,
    46.91631759157772,
    26.60851824575578,
    17.753908722247647
  ],