{
  "n_jobs": 200,
  "n_machines": 15,
  "processing_times": [
    56.40415846779365,
    15.262410531544129,
    2.384969958682419,
    56.56098198384041,
    71.23735277326726,
    57.76048395784611,
    55.81261781429392,
    32.02487709527756,
    94.90124284012633,
    77.5245091949571,
    53.283077335095676,
    41.38990552610325,
    25.346177186266857,
    35.98576244827848,
    11.86608481250605,
    68.70298639600651,
    71.39718070234782,
    28.32954219484332,
    47.44435928854753,
    65.30121317537201,
    48.03851297090492,
    26.899420249243054,
    52.637946416171715,
    38.78534953575207,
    68.73790314175385,
    19.895661884578335,
    25.3077855165183,
    8.791567448176444,
    42.97341115874919,
    63.888462099066096,
    8.377050796892961,
    64.65068365279734,
    85.79045130701586,
    39.70971249403578,
    66.07288452670927,
    48.156090376775815,
    63.76434353453937,
    69.78892713472742,
    43.08904515757669,
    18.745815220008765,
    9.858647772920845,
    72.59388506977093,
    67.9668653343411,
    22.269148154024435,
    47.639720832468576,
    92.29728319929858,
    63.50819124942798,
    11.181637188278264,
    48.16455257957955,
    55.13779089995788,
    21.48070812431144,
    89.83745878006754,
    34.77503695375706,
    60.38064422242143,
    88.49497039300589,
    31.37019872886795,
    75.5945451198527,
    97.7781020250938,
    62.34983433830883,
    65.07154517187203,
    22.342314686488187,
    35.84870847186897,
    28.139829928806265,
    5.779854309784342,
    17.765734333803415,
    24.635521574331655,
    88.34237634129305,
    28.692244166634925,
    39.031773787458235,
    15.081709230330992,
    49.18411627133697,
    57.67092137865569,
    3.5406682194996617,
    43.15409917480746,
    21.859316261074376,
    20.510688021101338,
    87.60784703881544,
    50.69919794384074,
    83.14754948782682,
    29.70146795467095,
    48.61252081676765,
    95.3889384788244,
    37.110444917009076,
    25.991407253234915,
    23.721545851814383,
    91.88967275108952,
    58.164493559828806,
    61.323539078741995,
    7.929007841345708,
    14.22249428278163,
    33.36133760513147,
    48.07887101507866,
    67.27941115758927,
    95.1269443008256,
    43.48875214820008,
    92.00386492037903,
    85.1149011507995,
    62.996171423738275,
    79.9445911480186,
    89.35717960436347,
    82.74433192655357,
    87.08890913838812,
    73.20660173130813,
    12.999738249279984,
    55.1174412472842,
    99.7746961766868,
    12.962935699689181,
    99.94087000141253,
    4.820386643792373,
    53.049971496392615,
    83.39483226834096,
    8.833011747026637,
    9.744747499295293,
    99.07432743341636,
    55.28565104863332,
    73.78124029092766,
    27.380304810659066,
    11.31505098840129,
    62.571593911884456,
    51.0736576407514,
    30.64908420081085,
    10.80000532304794,
    4.956158714303456,
    30.26448304962387,
    20.376125547220308,
    3.8203590689797755,
    46.26189420165332,
    79.95524521573437,
    46.07992245801012,
    40.547313213116894,
    36.187346499477364,
    41.17856077662657,
    25.620007077908614,
    82.93482306050838,
    22.207924825688465,
    45.20964758038239,
    69.15344050780796,
    96.27697776306984,
    67.49506541310423,
    14.762634220943422,
    7.84364153272712,
    7.728168660022801,
    86.96776214721747,
    96.78847627374846,
    74.59478040626989,
    83.21065587111191,
    65.14776621099239,
    91.55705651452882,
    73.62739957770854,
    93.54153108673239,
    53.6054376212125,
    67.3754002509576,
    45.968519171259864,
    33.661855430948776,
    55.31950386618412,
    97.79546643334183,
    33.62155253980013,
    24.84937276337005,
    15.224523290004973,
    14.65182610020655,
    6.5599441283739885,
    32.420086175845015,
    7.072851045098769,
    35.727829296636834,
    49.91387240416284,
    57.58388511653277,
    21.934355849496843,
    45.424669110564494,
    20.13277210315686,
    76.59079541736315,
    81.25790449500468,
    94.50887955246195,
    71.54551093151134,
    38.14848624137469,
    44.10122867139039,
    80.8902240046637,
    75.77758645261,
    17.423018745793257,
    21.25435070130203,
    8.718372641664008,
    57.95169941879233,
    96.3949925498705,
    12.711155166174402,
    16.796398728037882,
    32.84619704374285,
    48.44016862524808,
    79.47606927135348,
    37.16820621891276,
    74.07693566382548,
    19.658956566857984,
    77.48087707431694,
    52.628131684330675,
    41.93751631076063,
    6.342806371121413,
    47.69361358243672,
    49.44764799370579,
    44.06223855420637,
    13.64665309412834,
    97.98808909791366,
    73.25828008505457
  ],