{
  "n_jobs": 200,
  "n_machines": 20,
  "processing_times": [
    8.023283049553148,
    93.28699421243822,
    59.25265807241696,
    2.0448315083752133,
    59.00472318079469,
    68.88327082195028,
    73.45516773327216,
    2.251057227366227,
    66.18316507675205,
    46.20858087030613,
    48.284512832112725,
    8.976502737973247,
    98.16967592191986,
    55.93173301875131,
    99.98177071327387,
    90.65500190643291,
    13.889528601861068,
    90.22059615659322,
    94.53119305989841,
    63.06371173913125,
    28.611724431844145,
    31.17833955483799,
    96.90937138656021,
    97.347965143013,
    48.7541700433091,
    37.35943840823359,
    98.0124146400894,
    62.921128371517376,
    96.56144152852784,
    72.73626980569904,
    47.00390828409574,
    72.33201273698921,
    18.378471237351697,
    86.67355713511506,
    23.84110533488313,
    54.97753795622174,
    27.11956299382038,
    33.97124598456074,
    75.20649503606349,
    98.49254021123502,
    49.70325501414777,
    21.638351743415438,
    8.97301637702448,
    59.80982180439103,
    95.20264365801829,
    17.769227347624557,
    93.78853065950959,
    50.968399578987366,
    3.612903755230558,
    20.768405132955564,
    16.39022057136495,
    22.16243614816916,
    34.86642793361985,
    48.025937266048224,
    53.991381093803,
    71.00800170970471,
    81.97173814647716,
    4.596521491307064,
    99.13813737783309,
    58.45218749181745,
    99.52296694567103,
    54.75465722226873,
    15.941986922589598,
    45.45267476449873,
    5.346174017894533,
    81.11325026856717,
    99.11153768264906,
    15.3964556516996,
    53.081486908086355,
    80.6548893616674,
    3.6570808512948196,
    13.671470147065083,
    86.82403440236241,
    32.854231345390005,
    78.10302340936414,
    41.17063997920819,
    37.586354914511546,
    49.972070686017204,
    59.036466785418135,
    93.96602919371907,
    36.05775467592395,
    12.513342453023153,
    60.67987393794272,
    21.67752630812284,
    95.20452748803847,
    16.984240759967868,
    24.0089254593454,
    10.845481190942566,
    20.140735849603892,
    56.21682945505975,
    55.02178785281629,
    79.98674716754128,
    56.893556749157035,
    98.34645780431535,
    47.75222410620867,
    46.559157396512894,
    22.297942447597162,
    17.98973620976162,
    71.84249397932433,
    85.66090661451665,
    71.05923730272838,
    75.96798572914624,
    71.0997927603275,
    83.17325808124005,
    67.92658449084419,
    62.78283684910245,
    91.4437732484289,
    37.25451850949026,
    69.41095090388094,
    75.07289779994986,
    61.03551667714008,
    85.04428222184258,
    96.72821016398277,
    45.48872666997635,
    2.9603467847011435,
    70.44519471191016,
    34.723921356149866,
    59.36389581023016,
    77.87664053631079,
    74.02273136753598,
    80.87389485126965,
    31.41702273573802,
    59.62586473069792,
    29.97634103387188,
    94.51463948451403,
    70.39353036234046,
    22.589005502039523,
    67.44209778974607,
    62.12832794860625,
    53.02312267298923,
    3.994845870643992,
    2.772122296234969,
    60.098742386813726,
    79.68094319073468,
    10.958024519027427,
    47.40028149845575,
    64.61363959330487,
    1.6048815199979214,
    37.90623373020674,
    30.289157979174927,
    88.0461325049261,
    13.43458238079569,
    48.679499940235054,
    3.2691308385829894,
    35.51970544126295,
    93.57909089675529,
    66.29090520751282,
    24.046158057392574,
    4.426682058344776,
    58.89441082582468,
    22.308560491560723,
    98.93308488785073,
    23.589998248649888,
    64.23189940205995,
    34.94224908664505,
    73.33471648206334,
    49.18828066832826,
    38.708660873206185,
    3.495593756171161,
    49.799786184088255,
    84.49333966332712,
    78.621084052967,
    46.03553940417169,
    38.33897116101138,
    5.410783670137334,
    62.06754741674123,
    73.54699305173936,
    13.875647290992221,
    13.503396200901118,
    11.028511965927821,
    85.45659013852581,
    63.59277612550574,
    41.80601252141221,
    59.70481058139275,
    14.649804298357985,
    29.558316690770248,
    3.9291356187103714,
    90.6982313336959,
    22.793281530510697,
    90.37344804882828,
    12.926493838738812,
    98.27903060561268,
    58.44575341720738,
    73.25555154382255,
    74.93707435163856,
    24.539577013657063,
    70.0934325356987,
    9.006687838832665,
    66.77370928537206,
    27.274141722167357,
    38.26589480182318,
    69.20731872578241,
    94.84382267056989,
    6.552036316650286,
    77.90116815709428,
    2.6716717096113527,
    4.502508209705587,
    14.655274505546057,
    46.1831300446336,
    45.824835565269666
  ],