{
  "n_jobs": 200,
  "n_machines": 15,
  "processing_times": [
    21.87038625229839,
    18.258363528557062,
    84.61721585122486,
    83.44247203883599,
    78.85146818399656,
    81.73491547528734,
    57.31224762941891,
    11.919145276924413,
    24.84717981872044,
    40.65305436970593,
    39.65990168856411,
    3.9261368572434483,
    37.037595067920385,
    31.751112904253507,
    12.479784226458705,
    5.72007790903054,
    26.811359845270722,
    36.5912431940914,
    55.98156246968282,
    2.8582933378029978,
    91.97212098635076,
    70.48649475838454,
    85.49625869385918,
    12.743710976167753,
    99.40278788602431,
    17.74099790543655,
    4.615729088299387,
    71.77520647852052,
    23.229153297479893,
    35.662604923508574,
    90.61617090996906,
    56.004906599209924,
    32.99801794642885,
    61.775294899401885,
    80.37955428823084,
    26.05895221667754,
    20.956574229427233,
    68.25810977498422,
    17.049747689536403,
    61.609784157160426,
    87.74619189184362,
    87.90340774716822,
    16.750117528807934,
    73.89362871520036,
    54.9209795120439,
    97.71945310838504,
    97.12444069922397,
    21.837837749548928,
    35.99448913455358,
    54.63419335927638,
    21.713485958765965,
    45.454933603840274,
    80.88015778965766,
    4.606164799560128,
    81.0801369787432,
    38.620231882228616,
    48.56533384780622,
    46.891709839956945,
    27.07944791275196,
    86.51779707545738,
    53.793181100137566,
    95.0044949316571,
    25.229836946553167,
    16.584424740041516,
    35.918580701612086,
    47.869084155467505,
    24.6477818687689,
    20.57361529819192,
    4.51685593225946,
    5.492740791050307,
    68.4096200121457,
    78.95654670347285,
    32.13261408209727,
    32.617628119556755,
    15.646503814316109,
    85.53306095513398,
    19.398109096638134,
    65.99890432566923,
    60.47676381942363,
    52.57125690011656,
    94.02062880844993,
    43.93941669198698,
    37.07109233912445,
    2.1559727811296927,
    79.14713870965106,
    22.6240976693526,
    4.729058022645578,
    36.78873179086103,
    78.81076900506336,
    56.921635737632016,
    32.168620723171415,
    71.30969738001485,
    1.2450336803909305,
    35.364388484908,
    99.98263210700861,
    59.02950168052645,
    63.07468850246155,
    14.057926800492389,
    88.87705471111524,
    3.4194536772538453,
    52.081470241362396,
    89.54817603322134,
    14.988121080741738,
    43.81594204634567,
    28.968461935681766,
    81.56433337183086,
    97.84291827769937,
    15.24304711061969,
    40.86615872330964,
    65.37548426835077,
    8.783968832220024,
    22.02291220736414,
    73.72135303578075,
    62.95962745094286,
    87.63101667228145,
    61.559242043266124,
    88.96399548318553,
    36.371519735023995,
    63.1528421664497,
    61.498299145935974,
    42.448588159649496,
    69.58322478751339,
    33.63072433102847,
    58.09942534335902,
    4.338242477422347,
    35.6699825531269,
    34.74754443297546,
    48.1267586587283,
    10.763366819101389,
    8.317775799714546,
    36.864943308390494,
    14.610712587898366,
    56.49424598134798,
    52.98580410051764,
    97.17969244432282,
    77.4182805949797,
    23.90635065369951,
    90.11263190011276,
    49.609322902318205,
    95.33840716334342,
    35.92587927900832,
    81.38131909052181,
    34.133059203787916,
    97.53727068119395,
    5.18797020043508,
    66.02968336722554,
    18.656850860194304,
    98.94907012429714,
    47.62639906075248,
    43.27011290091919,
    43.40444150245094,
    11.659396875548373,
    84.61610911490371,
    61.51160012383341,
    96.61176796276573,
    35.860136838588545,
    56.3941432692866,
    9.871654118242569,
    86.18376701576793,
    1.1781648583958289,
    59.69971867391905,
    65.95016383908802,
    32.800764755962895,
    39.19458965720001,
    68.1929607746503,
    30.281272158691042,
    96.59972183990385,
    72.19715964170344,
    15.814192190493205,
    34.582440546715986,
    70.41934180272793,
    21.598955879283363,
    10.143167485714518,
    50.88197450412312,
    41.83999582324325,
    14.457336198298405,
    1.7879777292852213,
    25.57471530289004,
    97.32788517965416,
    67.4274322154396,
    60.13950488902259,
    36.878538878035044,
    94.02370559150305,
    23.097796891591877,
    33.241557632966604,
    85.35474870676471,
    26.539536840535057,
    3.2016417177298484,
    65.05529087508005,
    42.51502713982776,
    60.73889478037516,
    84.5664233444441,
    26.395676004035966,
    32.26265348627821,
    9.847403802040974,
    47.09831239811579,
    53.451007819468366,
    84.77701115161723,
    82.93982895864745,
    32.09220100697837
  ],