{
  "n_jobs": 200,
  "n_machines": 10,
  "processing_times": [
    90.56432921671328,
    86.43293800075574,
    46.871368699005735,
    14.47841932771469,
    32.17616598736608,
    25.45655698105543,
    12.909941758881216,
    77.72310217071977,
    28.349969336939676,
    75.67089378219731,
    8.06350865661406,
    77.91106452953993,
    50.025798137802326,
    35.53015774137929,
    87.40979516491275,
    75.19052349927416,
    98.55849675662321,
    89.13659355081992,
    85.80631340324408,
    20.01012943068644,
    68.33405650763233,
    14.6854208201996,
    17.156764977427784,
    24.06607192345207,
    95.79874124809477,
    8.955182188239366,
    23.543084495514016,
    39.46314342052284,
    27.759704603683712,
    41.95750517822585,
    72.08936434262337,
    64.3894702977625,
    19.33262542457928,
    17.9395472922633,
    25.204327284927498,
    47.59640706606014,
    14.393667778173679,
    91.50370394584327,
    69.37687081258657,
    70.30868430742979,
    77.4894510955762,
    47.53718767784101,
    8.523273190849455,
    18.815487121401592,
    24.47629605286838,
    48.52218271527753,
    50.72376904050813,
    90.93927945878035,
    60.65109283054436,
    81.95204286423117,
    15.181320327947727,
    51.18519235338078,
    87.6200635192027,
    92.79104321326551,
    8.96840388615799,
    10.631652292296753,
    21.699776646706326,
    24.82076082573493,
    73.04184090607639,
    64.89116111952927,
    36.88986076929397,
    62.382599395857326,
    28.071035254657435,
    6.148332657796288,
    30.924409517707,
    76.09633656832496,
    97.88781857236317,
    98.30859700116717,
    98.90112866469748,
    15.933031579969159,
    10.931531916020779,
    97.68135650978485,
    35.55544220656127,
    37.936654983036085,
    68.24623532582011,
    13.0273585407807,
    2.5520286500141705,
    84.83817417070831,
    87.94616912961988,
    74.66944188034715,
    7.532886880641729,
    10.184227183684431,
    63.94968772219542,
    92.83384670515423,
    75.58718028816386,
    34.778566735446184,
    31.489096510738875,
    72.38213159159368,
    85.02585856116002,
    64.35632298999145,
    40.780620470830506,
    95.84931720444172,
    26.0324726781427,
    18.160760917175878,
    84.73813045604716,
    44.622028309997305,
    1.5985157767199616,
    30.868009794025184,
    84.26747752640816,
    25.609550951512173,
    59.17184169557435,
    70.23158676807238,
    55.184058502280465,
    51.42838213477415,
    48.39261203783429,
    68.6649010178891,
    82.31176455043277,
    36.89873895289692,
    75.84098375083296,
    98.65738887345172,
    99.63542789157036,
    83.40186021512407,
    79.76790639785072,
    31.756951375518774,
    92.75199770484421,
    41.75033018831125,
    17.495144016922033,
    62.01268155828752,
    92.91606503995352,
    56.280575755055644,
    39.956325721539244,
    12.385455950292897,
    43.77952077748612,
    93.05695596710282,
    14.588764263640178,
    17.720891766813594,
    55.62699762850061,
    10.67994521729986,
    62.2938003796337,
    6.876582831905994,
    44.46830989874706,
    69.85925790486522,
    28.271440386934703,
    60.417518092142494,
    29.780889498063086,
    36.75027290487503,
    18.80188472007673,
    24.973652592322452,
    16.53534127766543,
    90.23540763707118,
    65.68947477248005,
    98.57583035356662,
    40.56768021217152,
    8.356926190721975,
    44.00741849543227,
    49.51613892193999,
    10.222429269307819,
    62.815228132026775,
    25.948906513308575,
    89.81648154742686,
    24.984291682456213,
    8.989285699560607,
    22.930699280969176,
    67.92871235659787,
    99.23952863554062,
    13.82693203770055,
    71.50036197001708,
    53.61967654608544,
    7.80765263387703,
    27.437636700164582,
    62.87676395020164,
    74.61369674952783,
    22.10996774445704,
    25.22183588202083,
    14.091760539132645,
    58.3439294528108,
    82.30376278061027,
    15.908952704339143,
    58.83358611545366,
    48.30866171575576,
    49.058024609062215,
    92.8712115069998,
    31.590977353712375,
    6.558988725192581,
    72.64536734271448,
    14.928263505300635,
    72.08381970377673,
    11.93360492806779,
    84.81005651134939,
    37.401596762675005,
    86.83102900907096,
    25.318506554621973,
    33.16277922133317,
    2.0682217416758144,
    5.837120666159607,
    44.82135962030786,
    48.757772017210605,
    6.489960631044497,
    73.84025684132179,
    91.20948277580365,
    94.16336991021231,
    72.02253730447909,
    83.67603233719595,
    46.18945234855827,
    70.20451047002544,
    21.581223097053236,
    46.0885772136949,
    11.82850053806201,
    91.60288240428501,
    19.97586769479046
  ],