{
  "n_jobs": 200,
  "n_machines": 15,
  "processing_times": [
    45.57180676334008,
    3.5473114319767127,
    72.04904231224745,
    93.44904552235867,
    48.31728371547987,
    92.63585728188335,
    6.822899825276405,
    71.84668350986048,
    57.90374334596885,
    79.98910400930464,
    20.604970949454728,
    92.02931873804134,
    39.28628286835167,
    11.19027981542268,
    29.18135003902425,
    29.74881275271348,
    16.245131488265404,
    61.210899454445666,
    84.95531174966408,
    98.64962485985542,
    49.0513032131859,
    71.76631772192422,
    79.06119965040057,
    36.971556263692904,
    88.24295945304254,
    97.68019229680574,
    47.90958625342883,
    93.80458982431288,
    25.93451410186865,
    73.90996916213685,
    84.57844000015623,
    99.79013037725306,
    51.008237069208114,
    78.0398079894606,
    19.804796966572603,
    35.47941440066521,
    78.41946913210114,
    68.65901495628718,
    94.68073774659113,
    96.4225003153266,
    27.91904358904202,
    56.025097840053235,
    71.03663405656613,
    33.50664410632521,
    13.295823996675534,
    42.69676741403523,
    11.596870367577429,
    43.19349756714886,
    12.333068746851556,
    21.66123714891191,
    87.97310762824414,
    10.471733339057483,
    31.64960701996369,
    87.69048820385916,
    86.65271262292282,
    64.92427440685216,
    47.38125226888187,
    1.3251907972507104,
    91.86016134605595,
    21.25895544737881,
    21.27799880303658,
    5.3740137064874975,
    2.753587817453118,
    15.005564838805087,
    73.24759475785062,
    55.41449785864139,
    1.0287432387761397,
    39.03651736218844,
    43.50080783305301,
    82.5736762491699,
    96.36575062059435,
    5.842695616096745,
    39.76801025113078,
    1.8041757590251253,
    6.852003673871246,
    18.33550768090717,
    88.8270546849986,
    66.82501500914194,
    53.369877050180875,
    3.868778289357423,
    18.502691785290246,
    6.27964146777052,
    51.12097723810705,
    15.233063837266693,
    71.39302274719373,
    56.10004762342338,
    76.61506282475536,
    95.06585553796393,
    48.96458269610077,
    59.69104056014854,
    35.68140525021637,
    40.0150998556963,
    65.10035496223367,
    57.35244377468777,
    71.866107393475,
    37.49566685353872,
    41.98766015867966,
    77.96221020015396,
    67.39449063428232,
    53.07070534549069,
    96.42697137710309,
    74.54247039167454,
    30.06267091219212,
    9.75059825881553,
    66.54363522628894,
    41.334229615753934,
    85.89596955391497,
    15.825192459985958,
    22.580517980092647,
    7.784503668799344,
    7.358596908446142,
    90.34177914778444,
    40.05910833979211,
    81.57750110518081,
    37.85931046967155,
    69.0100907263191,
    70.87571822381761,
    52.53344094699256,
    75.49432047340049,
    32.47669162209995,
    88.25253262624773,
    63.59753164652609,
    41.40496433151039,
    91.34570469790407,
    61.66521751730223,
    47.23802515761591,
    24.72176276661037,
    52.32364685630075,
    88.19590079042389,
    63.42927139193284,
    91.58236590498859,
    70.32862144817085,
    2.8498652217295275,
    51.447267419512514,
    10.24509041416287,
    87.44053235175724,
    67.74322760582933,
    3.8023825732571552,
    83.68817148320323,
    3.678882620050945,
    47.49956572068948,
    53.332909175939044,
    29.315639195353018,
    3.017081335413022,
    96.51084268452257,
    85.26730275953763,
    57.14876282634237,
    39.989093464462236,
    67.92149856770715,
    67.81725176320602,
    98.80197890519241,
    78.34536952239738,
    99.47844669246668,
    64.22357215629998,
    14.789191924991755,
    7.018044432365177,
    45.844100708212146,
    70.90989482071494,
    56.42344971261999,
    71.18098939609536,
    2.0049214599150007,
    70.21532157614915,
    5.921355124572326,
    49.017685134285585,
    58.487488378273454,
    74.55029319216509,
    21.583120941408332,
    89.01204914592978,
    8.930707483704495,
    80.08707110899937,
    82.48144391114036,
    49.35190616315329,
    63.80724441503963,
    82.22441038205632,
    17.37366178922019,
    62.882984931921186,
    70.46164994003622,
    55.94565758669298,
    59.74383104988343,
    23.993422735513622,
    18.172310613959578,
    83.20246308163932,
    46.54573970556482,
    75.0302998983367,
    49.847428857074,
    71.88110384822956,
    27.786276484846653,
    42.94241020680339,
    26.873660995925785,
    64.99282106312418,
    21.9141470088852,
    51.50277012089844,
    68.80963134090277,
    62.038649139038334,
    99.19282277710789,
    60.9613118943095,
    73.33541784044623,
    50.49624085811009,
    19.839468349509794,
    2.9765748275234802
  ],