{
  "n_jobs": 200,
  "n_machines": 10,
  "processing_times": [
    22.971145625988836,
    31.83675285773537,
    86.74829512801261,
    61.879219869814264,
    19.653614258296685,
    82.00468468687087,
    20.140408495105262,
    22.5131795164162,
    77.65625505036452,
    86.27324581977723,
    84.26982617372968,
    81.12360951134406,
    1.5599673988609442,
    80.35394120945257,
    15.802904045438924,
    95.05720516898778,
    5.7357688568529985,
    85.41683288747284,
    42.598139109444055,
    76.4397879062738,
    1.4899874710222845,
    46.77444222701308,
    76.76254481658505,
    85.39074418371838,
    35.576581276711224,
    93.55540513415349,
    22.750760370060256,
    9.079840063658981,
    75.6883535976321,
    7.290958358472495,
    37.44526710503288,
    50.09886778159509,
    79.529802304623,
    55.73496102602655,
    81.2933900274683,
    87.09496512395926,
    91.14865650063204,
    44.035275163467865,
    35.13388188149962,
    94.62066916483343,
    19.312164326245334,
    99.29414564681184,
    56.16613902769331,
    70.77632183496019,
    45.68089801334989,
    5.994050012976582,
    53.6116895812235,
    12.895818965165072,
    5.403612228126219,
    36.462795051698215,
    26.407484971704083,
    21.842657658363965,
    75.69505830361841,
    36.9434483926165,
    87.58594212532154,
    8.7481182921813,
    76.62913102420713,
    9.180275656595253,
    52.32087245697793,
    3.9149064840151304,
    57.05480430062776,
    31.824179595772055,
    2.276518193671072,
    92.20101360455573,
    75.42018422025744,
    34.93080558005701,
    83.34306707992327,
    25.128486180354763,
    53.483689111981356,
    93.16768765952163,
    1.7930202254789598,
    76.28433277226246,
    73.8750831100001,
    77.64951544681745,
    66.59650077467941,
    87.29539971982791,
    48.3392151215064,
    9.205123153024429,
    72.49477153610158,
    31.474896201560075,
    36.03704997447571,
    37.400227299786096,
    36.90718457881937,
    4.462829770800927,
    5.778797660976903,
    66.90200965322819,
    80.56161272216646,
    67.23639654322923,
    2.8526629206138696,
    18.421253572807526,
    87.08984536116728,
    73.69646744260122,
    21.9343906901984,
    46.22368118547382,
    77.19931483799695,
    89.81056781216225,
    7.7164873034064945,
    41.65368000528021,
    43.627552898986785,
    94.35615079888383,
    32.132259652302835,
    13.936810323527258,
    5.414800906295539,
    39.08993151704437,
    73.44391197260359,
    19.699758296692107,
    21.345068515721707,
    28.592268772572538,
    6.734010175190342,
    68.50974116401292,
    48.91675756500759,
    69.66729742411839,
    37.27189139883314,
    59.678568353543426,
    29.61276637123476,
    76.51748390698258,
    19.246013919367883,
    69.65488664451888,
    32.81899052574329,
    96.01550446092496,
    24.690572910275975,
    50.97788203742646,
    67.15194893863504,
    60.33633247405007,
    38.45450834072687,
    91.7310104015197,
    87.42978489630313,
    41.95842878504551,
    12.18671520528585,
    70.64852416415333,
    80.74091103743395,
    86.18608062867824,
    66.59271554421623,
    64.84972678119777,
    46.21992271767376,
    27.68048513327914,
    17.558882421870113,
    59.95249963369286,
    72.33871262782075,
    31.85367676812395,
    56.69489030196568,
    8.829751051490433,
    29.660283361700845,
    76.73136413865785,
    95.87189943535627,
    24.452514480553685,
    89.72346157374517,
    15.501481826327234,
    26.97190207493334,
    60.69514273686877,
    59.531483200431104,
    31.830169771332013,
    86.2255928609148,
    8.691824625199947,
    13.801740357099055,
    49.77073763547888,
    40.51416363578133,
    4.716325336550297,
    10.173045638760838,
    37.79472370602273,
    15.950640562908864,
    96.62203323133228,
    90.00909715412955,
    4.090155008721127,
    64.7978229796161,
    61.3814851404236,
    95.34615951960194,
    93.69509917542425,
    8.9283087538875,
    92.1143650358834,
    42.64057121227405,
    40.636063213896534,
    13.6700104287348,
    39.402468232824404,
    30.645225603224777,
    73.19386716187246,
    45.161648040779724,
    27.05731303206372,
    38.40307640220309,
    12.097405609784671,
    13.564699924615523,
    48.87144139535406,
    50.40732923179526,
    22.75610369896081,
    92.63326679337756,
    89.8239669348326,
    48.6917945391662,
    7.512622422351142,
    80.91514653398093,
    76.18023104256137,
    82.64470022113915,
    96.61085002045714,
    83.13983287930319,
    72.42995562936206,
    34.56477005490662,
    2.7101210813896683,
    22.506757791536785,
    78.65869986195798,
    29.277552162621774,
    44.59789522275127
  ],