{
  "n_jobs": 200,
  "n_machines": 15,
  "processing_times": [
    70.67784643108092,
    76.33872044873259,
    78.67293963071486,
    72.63670253452486,
    33.181933349091985,
    5.927422646953483,
    62.21067628229597,
    3.868769225158601,
    62.557007728617904,
    27.657097384275623,
    60.707503232871595,
    17.95002593760208,
    29.766085184306746,
    59.70275105288226,
    33.76608872731869,
    82.84285466499252,
    27.743999553183983,
    54.74269123878889,
    65.10861319730377,
    11.247224284816193,
    10.352548188440663,
    44.85234903734909,
    92.39107601098246,
    57.1925993466215,
    88.9538100027548,
    77.12066587572268,
    92.51308359433263,
    87.85850319306336,
    8.348090984772035,
    33.34064613408961,
    49.40193714238309,
    39.44897578524731,
    4.825187794411033,
    6.500144296602011,
    18.499528476747425,
    21.538026316871754,
    26.527090002638047,
    49.1672717092423,
    33.79011307535755,
    16.277657351474463,
    97.54827084026343,
    61.43532354955089,
    21.467362771193034,
    7.7895366921213425,
    64.49099908156371,
    81.63998938779497,
    32.344676350201524,
    15.905547376849064,
    61.38236121866932,
    9.661266840757648,
    9.521017238672673,
    41.42262788109052,
    87.40575522032405,
    50.61677284286576,
    72.73520254574171,
    2.1490418236768294,
    4.786987278269677,
    38.21241396509346,
    85.19707334148056,
    99.7424306532593,
    95.26472331397741,
    74.69110922540848,
    40.52236941717522,
    82.59569760629229,
    73.74379110834445,
    18.17746139777061,
    34.223373166409196,
    63.98430606573139,
    75.32155143531394,
    21.547288857359042,
    26.002247927142783,
    76.30752850675015,
    75.20147936192049,
    43.749485312441266,
    26.779703448924273,
    88.4917631064189,
    74.32420854288142,
    47.340874993226635,
    53.60039302998065,
    49.96803915544196,
    16.583572869093818,
    7.356334706978468,
    71.43388624386009,
    13.465165854045244,
    90.22520689862257,
    67.35029744191729,
    96.95621258881428,
    44.88781067475105,
    8.042542361664935,
    63.92409271264161,
    2.764632066230677,
    15.643388617390604,
    15.796188682582947,
    20.154630750421074,
    1.0879059961916004,
    58.14870041891157,
    42.88201327077519,
    86.0655296963985,
    25.480987662502027,
    68.4619248762524,
    83.72350127827565,
    77.19345735111817,
    86.05916193525678,
    67.3916113046942,
    93.9082676083811,
    44.632221866993,
    12.546715289575744,
    33.00259998059929,
    14.136964207986992,
    32.722440719862206,
    82.81426348400242,
    22.49837548336328,
    99.22435747948197,
    74.59018760393553,
    95.3272208050881,
    50.58467352732063,
    52.72682020095721,
    73.94770399454009,
    44.56871187670479,
    8.932765829597074,
    22.823162628690092,
    41.963844987008265,
    54.91687341009391,
    39.91837571739592,
    48.82786475731764,
    68.13703626140938,
    94.4772741798913,
    4.161679403045627,
    10.548920363811856,
    74.22229119792256,
    18.29350234319168,
    52.60007425729569,
    65.64070753914964,
    68.43122965626479,
    98.65210539134861,
    63.76906767587474,
    24.952852517409855,
    31.427369557465866,
    46.107090489846264,
    63.07950510477179,
    11.136663310139564,
    48.35395789477392,
    25.17468642057342,
    44.65696506587565,
    52.747362612250704,
    27.542652770427164,
    34.610646302339966,
    33.769357802326766,
    30.3796876047215,
    1.0599407274621795,
    85.9205306657266,
    29.812691269454604,
    77.5582898613148,
    97.36470306910829,
    6.170419433139517,
    49.85276929439308,
    17.309656966940263,
    59.28600167501845,
    71.81426380910543,
    27.700102731136667,
    89.60218847954893,
    89.77541135363046,
    36.72980253888514,
    31.692955844893913,
    31.770523647334574,
    18.817257663810796,
    18.358323027875812,
    74.48914427936373,
    54.75352716994128,
    34.332112871121865,
    21.991952266356332,
    30.151699494851982,
    20.265189595332018,
    43.06221071815538,
    47.35986990707478,
    32.36578703013578,
    17.12959543646814,
    49.55274604223817,
    20.901232060838975,
    87.65146137438549,
    95.4085569293355,
    39.53839752545701,
    15.242222728323945,
    48.620382043580705,
    6.724793773315297,
    6.755734723329198,
    96.63370926577103,
    25.027908990169124,
    7.97730710088897,
    45.98414408676235,
    64.22299910123215,
    97.93563486719313,
    2.84626337553188,
    47.5876800339072,
    10.597988081718348,
    13.732341997730451,
    15.952387693181185,
    3.9585200212795897,
    67.21876542180652,
    47.83634585833886
  ],