{
  "n_jobs": 200,
  "n_machines": 10,
  "processing_times": [
    66.74105858256112,
    7.433246789572147,
    9.705321162462369,
    30.42059174850039,
    72.98714366764659,
    7.4947855149868285,
    23.564534287540642,
    34.386030438310954,
    89.37711736640875,
    62.79886432232619,
    34.26637716344411,
    26.37283374719381,
    90.16287363528058,
    94.1536236339626,
    66.26412070128221,
    63.39677312495426,
    99.30715760798402,
    23.968293192204882,
    61.79130483890465,
    83.3637652988359,
    36.57474963182076,
    60.359176751629136,
    5.326760085953443,
    59.66137651442911,
    60.762141862855756,
    93.54621852787184,
    22.305953126398478,
    43.653723704665396,
    47.80436816416662,
    66.61336339602646,
    48.41947369358193,
    11.990397662516022,
    58.474353860071744,
    19.363445096724124,
    67.54859969929319,
    76.56919050705451,
    43.260152902652756,
    11.475496761500327,
    2.243069136075614,
    24.86034963560822,
    71.72861481176197,
    47.435323579439576,
    48.33198173226379,
    10.629720593871939,
    66.720264666496,
    18.146515716308173,
    20.318914867387765,
    53.89202624733752,
    41.64921436323563,
    77.21747749330946,
    92.68269500752191,
    35.504670421689205,
    34.16297553025409,
    72.4205707127442,
    36.422468301672595,
    44.65948662585015,
    37.70945760733505,
    82.28847779196562,
    44.12890561518842,
    9.904763779433647,
    3.672188032997587,
    45.44551021924226,
    30.685149959162842,
    65.52368658135988,
    86.58368122163961,
    64.44584166889004,
    39.357207607109174,
    75.75575729446825,
    72.25906026617228,
    56.61300275918442,
    60.923434484645725,
    63.5457146530598,
    62.48435517812822,
    37.4303655864987,
    8.455747410815231,
    8.395744105596926,
    17.030136137485954,
    65.8185275990842,
    43.18815223133827,
    44.91586320490863,
    81.27465744272253,
    68.98940975165404,
    72.5823563093479,
    39.129861985223236,
    67.2790150164718,
    50.21745072479566,
    14.84425788904773,
    30.311363281058302,
    62.10334790794448,
    80.20040438636384,
    96.47968857196238,
    32.472702749950074,
    72.23378736466655,
    91.3870089435537,
    61.70516816845412,
    65.09884234807379,
    21.426802834820986,
    17.57930214034658,
    12.108812684471582,
    65.11280752543485,
    17.294118914727566,
    64.9480716712419,
    12.855283338446085,
    48.275360321606385,
    32.372712337227625,
    4.367486483595437,
    1.2751370318335973,
    29.457347851183858,
    97.97942229722791,
    30.965981435193463,
    99.68466923206996,
    79.82834235724313,
    60.06974825816954,
    97.97800687332477,
    37.55179595632949,
    42.20250617520611,
    22.69808116621814,
    88.69272685620625,
    64.38493640198281,
    66.9698148345696,
    60.97022567196655,
    1.5554087086035198,
    38.837769413330925,
    61.47120402527027,
    27.685909198427204,
    31.982578756637903,
    62.611389940388705,
    81.02170310673412,
    78.17216887612884,
    84.86005496306406,
    98.35247142103006,
    79.79772651024655,
    15.221210151982248,
    90.423044872315,
    64.62150689856733,
    20.202411796187953,
    48.066263520373674,
    70.19157783693579,
    29.492746238274194,
    90.75611272331021,
    68.71498766237669,
    75.07600016128822,
    46.02672419015372,
    11.06696724684625,
    76.1768465088787,
    94.90870025272041,
    87.29667943837077,
    50.51308366406313,
    99.3676030260825,
    5.431961235776828,
    45.854870440197494,
    26.51893612147583,
    70.07629157291302,
    94.19785936102932,
    40.5269763978989,
    31.07931905691142,
    30.130063617293345,
    14.007463005515422,
    35.14989620810112,
    51.55450833506993,
    18.445617288212674,
    64.36099984853348,
    98.00808384938033,
    10.982522187551517,
    60.887282499266796,
    30.24395021173963,
    77.46181926337866,
    46.3459004658866,
    60.62339665499672,
    39.09547021925181,
    28.497195320080543,
    99.07374286716147,
    65.80052053182303,
    62.849519355799366,
    12.445442589283655,
    8.067221890742253,
    62.289730131411396,
    22.297896673625058,
    74.36573178270002,
    43.4223924645764,
    29.86240098015367,
    65.79683225604087,
    59.2866484296641,
    18.871819233116984,
    4.80362255964109,
    8.381762998433253,
    4.687350621432385,
    38.67036258010692,
    12.728945170768927,
    12.487947911648716,
    61.795134163189076,
    24.679906923758715,
    9.953433148204972,
    30.264457003131742,
    89.5722886610092,
    95.55245186845649,
    30.750500336172305,
    94.25749261185454,
    89.25693242920197,
    66.34365556493883
  ],