{
  "n_jobs": 200,
  "n_machines": 10,
  "processing_times": [
    62.296317921052726,
    4.810999083292412,
    59.21351996337077,
    34.84473014088576,
    46.93689753563536,
    14.149451799775369,
    4.2936649557526145,
    11.137856583507535,
    96.70503180256001,
    69.33860602811383,
    51.143025696784065,
    88.39504522438666,
    2.0263880978846993,
    76.51183357838778,
    88.8890099210834,
    59.99356200331709,
    36.18968517920567,
    55.2000479459332,
    5.707586899026248,
    74.50505330180746,
    69.22927139805634,
    40.63751145842151,
    12.665193830013882,
    84.11390019831839,
    98.12270533850973,
    41.18614510052154,
    83.76409657204977,
    10.683403137492848,
    11.916471251320226,
    16.269380503432693,
    30.01568105368212,
    89.27695724892135,
    77.07263095372556,
    62.5043557075867,
    66.77147870223801,
    92.53074805567786,
    86.55675675059166,
    53.627405788677535,
    82.52802881112626,
    58.286786809184576,
    52.89857555632129,
    70.14783175797413,
    64.2077233963471,
    86.477089269006,
    15.568543381788047,
    69.51242705192215,
    60.41157370075343,
    35.1773052050926,
    32.911782337737186,
    12.971023638436948,
    13.809806543480576,
    94.3499751428918,
    30.16257668560754,
    60.4436953064959,
    69.82374592705484,
    18.073958506982,
    29.849512337095472,
    62.93237623123961,
    27.30726068721093,
    23.058236516832245,
    56.232378807120625,
    42.09831398758877,
    27.125016456708213,
    83.60425710311172,
    71.27101003976306,
    2.4354388935588287,
    33.43846349209336,
    65.82025400908584,
    23.788920707386076,
    37.633671391293845,
    37.36061008381272,
    6.582421981482852,
    94.14022822563048,
    80.92671267023697,
    96.8267320186696,
    3.7083759048881437,
    27.795930598368333,
    85.20297974017694,
    89.79396720365816,
    72.49538383802471,
    14.63055664211437,
    98.91299173449666,
    8.048133984900872,
    68.71862077764841,
    61.062573940275854,
    5.711456854380513,
    80.35628761277559,
    28.954924486100325,
    78.35266073343749,
    63.00621112678437,
    66.81126859093725,
    96.7389876095658,
    54.53746812383076,
    73.25521126904718,
    21.942122620028126,
    14.112111649202047,
    76.60778614103286,
    93.04977181677381,
    57.51632247165407,
    91.02403957933421,
    72.35574169169494,
    5.104395166267897,
    66.99419359756631,
    53.69058847181031,
    24.366192745082,
    53.27858582909461,
    40.50267193250069,
    77.03298086437032,
    13.713914820856541,
    20.63465333876577,
    75.78658179946999,
    11.361527628240218,
    83.90413015239874,
    31.605316198692755,
    38.25472543377632,
    27.85731518390791,
    3.7251617031371227,
    87.03635406667995,
    62.59769954135825,
    32.3578305550907,
    25.92317679137212,
    48.37008791345307,
    28.836091541047978,
    30.106657805668103,
    70.03981993911371,
    77.41589104187413,
    49.582950828969985,
    31.94002822274316,
    99.06183238134943,
    28.634755424798836,
    15.002015812995806,
    28.885066790500805,
    14.68849129025469,
    72.29832147242273,
    31.605410664732123,
    29.861837966497095,
    54.03190156996977,
    37.30676148455864,
    32.83882914550541,
    59.07898460761643,
    56.830076428879,
    39.114102751087664,
    10.670108834884072,
    64.72928859106226,
    90.3340770967816,
    80.54058472631661,
    70.47225977131957,
    28.625512321845633,
    21.539255985298343,
    51.279465109371664,
    50.99782722379998,
    55.26189684115552,
    5.386319279855106,
    27.372184044321042,
    6.709006636524592,
    18.46884761538833,
    12.946703227495128,
    52.87632844958926,
    68.93677342932257,
    39.80634971390128,
    30.554430478421757,
    85.81640806215866,
    35.904575702064164,
    12.331188291554422,
    10.840683292987224,
    43.302325313433016,
    13.382750553577122,
    9.962491997069959,
    2.506314349508837,
    74.21306996681528,
    71.29924885046302,
    86.33568017284243,
    12.361143734092163,
    11.597883834329215,
    13.624102591063417,
    11.922704946703483,
    35.6726977921144,
    55.555657978262595,
    23.12157117117243,
    52.79608390823759,
    20.761101842585997,
    39.2810236426665,
    86.26018333278314,
    5.855433380550862,
    61.43245005052315,
    65.08753567802836,
    22.696950843812655,
    45.46041037114545,
    89.36637078224253,
    97.8992457207414,
    5.942599816734881,
    51.02143275256255,
    24.87824780028568,
    35.49651937393536,
    64.74086184004864,
    68.29491476167297,
    53.950544348380106,
    58.14540361673163,
    10.22348219324252,
    84.23660238267364
  ],