{
  "n_jobs": 200,
  "n_machines": 10,
  "processing_times": [
    51.68104456600053,
    9.996327619507996,
    56.31112175514749,
    43.1819318189255,
    87.68854202080632,
    64.91039023629362,
    62.821096614819666,
    39.73215074761682,
    41.17809868856716,
    95.61707657253021,
    6.011152175060454,
    96.36030410456401,
    38.536693074591234,
    90.04311641805354,
    64.28141003780536,
    79.62564004254243,
    70.22388132965773,
    1.7316873941048265,
    49.592788957520874,
    18.283898896052722,
    39.1309871093148,
    88.27481050507662,
    4.023475175577879,
    29.141767767469414,
    33.875247993231774,
    68.66216852646637,
    99.82681044062238,
    73.90514890011148,
    82.62151889171437,
    62.963914272192326,
    98.85659069029693,
    14.960680673975117,
    45.50991611872887,
    25.246660574665412,
    81.5349286022802,
    83.87968108791323,
    47.092782672347106,
    88.90072096362246,
    95.37009396584612,
    44.70515972443947,
    19.200927852292978,
    71.22160874599822,
    60.47310724077434,
    23.564369885134937,
    82.69087433434626,
    64.32491082025851,
    65.05395573750887,
    61.85832934299333,
    48.520064978948916,
    10.8018824704868,
    92.65943067375535,
    38.88568349341605,
    14.903764376330692,
    29.011604327592206,
    70.72306484633918,
    81.09532810520855,
    88.06486807369359,
    37.04830999644972,
    57.8072409496248,
    42.20027999802891,
    69.85057867562068,
    20.826015433920183,
    65.5534648110096,
    1.326906877568785,
    91.96474784672543,
    61.179781538357744,
    85.65458808638184,
    52.19324424203465,
    23.989817105535728,
    74.33597557744359,
    39.94475686374645,
    70.03724797958866,
    27.627019561054908,
    88.78136434894677,
    30.387415461060403,
    88.69844239798516,
    76.19899347498153,
    95.28534074672349,
    32.61798306093827,
    1.4769619680799932,
    13.434953815995815,
    71.05868156251768,
    53.13634938971085,
    49.13890500658646,
    76.7700962517883,
    80.96844700347923,
    97.40233969836294,
    68.66495489390208,
    94.38849133509018,
    66.543545882648,
    48.61336179745631,
    48.69999214401273,
    34.998575071966854,
    53.100755481675264,
    46.16594320069221,
    35.555716631201406,
    92.74940052285518,
    61.29531403306117,
    91.5504982757079,
    73.82749272957312,
    6.964896759132142,
    15.927213361253239,
    34.19134853830561,
    63.848088528860266,
    40.350976547749745,
    65.38177219032563,
    82.83533167553779,
    77.73803129940453,
    52.60697160278153,
    58.797879881821416,
    1.5290961779799486,
    84.68644993975549,
    4.7789914325732665,
    42.474138561571785,
    72.828700303485,
    96.23811181863583,
    66.2566634068169,
    83.29517658508941,
    89.33953424223154,
    88.39856550846619,
    25.656974907220285,
    94.30581796583331,
    50.46494180233447,
    18.996821423015835,
    21.82410113205042,
    68.77900661585825,
    69.56048542643093,
    73.28142280257333,
    15.529475180471396,
    93.9081236517895,
    53.41168453412505,
    80.23202303806309,
    5.139912819284145,
    29.28838938258505,
    21.31747917237335,
    14.707229979701612,
    32.214798283789364,
    4.780684179848651,
    72.18006623878699,
    75.77356765086616,
    15.333217833494547,
    80.89355187270574,
    98.57454750185794,
    28.203323546905843,
    97.1774556034441,
    66.88498925301333,
    18.14425050905456,
    97.58601587720673,
    88.0725093209608,
    73.21417711631067,
    45.6646209182866,
    37.16877959041252,
    99.36157671730282,
    19.825332697507687,
    66.827625306011,
    35.126832467768075,
    35.811120348086106,
    39.71176326815471,
    3.025041462178059,
    82.79300956786469,
    59.770581318384565,
    91.76385167928453,
    24.04935988338139,
    84.109865555089,
    22.244443872885277,
    81.58476343142212,
    36.55221856535208,
    40.69007891474664,
    98.38326008705108,
    40.135236503625535,
    34.18860725205732,
    65.30734215474816,
    4.312835302510505,
    55.71603523273652,
    78.57336283474405,
    1.4633816131052666,
    66.35471114873702,
    32.631290759115345,
    50.01933214159814,
    19.775469235363385,
    69.09556127099707,
    39.50727134419362,
    91.1359794854727,
    13.393992288675758,
    3.4019321398301363,
    87.88921291602874,
    72.16061868571796,
    9.713602482736293,
    82.77093530906198,
    74.59120966457085,
    92.34936770839627,
    94.41524676321333,
    50.89948425574853,
    43.18579222927285,
    14.182443191995093,
    38.04929749937235,
    98.14841104804225,
    23.48736475999829,
    10.590543777550046,
    83.12205278670459
  ],