{
  "n_jobs": 200,
  "n_machines": 10,
  "processing_times": [
    56.95478018808188,
    21.860482490116503,
    43.78556861813767,
    29.071404747620544,
    95.8874303647931,
    51.95021813997581,
    43.880598471012476,
    46.28037244369424,
    47.24485720074619,
    13.245232928204365,
    45.58148257413663,
    69.36690443995741,
    68.88180773075744,
    86.64992321990137,
    15.55771351526274,
    38.95390227645086,
    30.638697559087714,
    57.284122281721075,
    55.39305367545034,
    58.88539588112894,
    68.52860805922218,
    49.397438761538666,
    61.37038918841104,
    33.09578955582499,
    43.99211049909799,
    76.01200336579868,
    90.6271713571737,
    74.16469100767091,
    22.44564628918395,
    12.26712220081403,
    60.00961016210971,
    64.24890098037315,
    66.39094112041076,
    45.15333127312592,
    89.70039209299127,
    48.25414955625291,
    85.89593434725805,
    3.251720046546359,
    75.51644156853708,
    85.14170337584376,
    65.63713432944886,
    48.18929538051885,
    31.92311509796811,
    9.934495821775602,
    51.152152833976274,
    41.41103220327755,
    72.16228843019216,
    84.54509029535248,
    21.082481935469758,
    42.148332525779054,
    64.83105279399503,
    86.12039488506247,
    77.91007644251529,
    64.43370741673638,
    59.64663832163791,
    5.871090253754167,
    42.66310132274347,
    91.08847512832928,
    56.31424745387143,
    99.00895232511633,
    9.954318204540971,
    33.30782053541214,
    44.007878469916896,
    30.299324503191933,
    45.73316245689692,
    50.27159196438219,
    31.08582621500148,
    47.59675198236446,
    5.079319764829928,
    42.38419840821755,
    97.24341218945997,
    86.32768446980445,
    59.65568785719777,
    56.11671911187479,
    51.05418874044246,
    32.14230132823481,
    69.43067246128705,
    7.961061818258559,
    71.28911837080166,
    17.533402008616573,
    45.234522305972746,
    40.423110559949144,
    99.14299122869947,
    68.77774586438464,
    9.751910305535496,
    92.39187034009349,
    24.102955354337993,
    24.45044978574214,
    7.891740033764185,
    53.80296560981013,
    37.40884654898198,
    95.9334249701696,
    26.9969082076666,
    84.40885711154432,
    81.2133119660072,
    40.449092931864705,
    95.99427246724197,
    9.094271581763508,
    96.4050223005544,
    4.674584348754951,
    44.02667045778219,
    50.912855923047786,
    45.00909152537044,
    70.56462750659945,
    28.651105047183542,
    61.384720630805404,
    50.361896766748984,
    42.66037785957057,
    81.50130188866608,
    53.66201208659063,
    11.635347512804787,
    23.589388023762858,
    89.58954294553341,
    6.8989088710762845,
    73.06242118184726,
    5.2546318125620495,
    35.44069653261202,
    13.358587269413842,
    41.65829179571728,
    90.61339720849172,
    13.167556228889573,
    30.6002815573075,
    18.64759329399176,
    79.21859049968984,
    62.42011663075665,
    90.2900721644139,
    55.33337082776969,
    5.210713312671539,
    98.43487352530269,
    75.78049442866364,
    38.648997807219764,
    80.98357733965923,
    23.406040600434096,
    62.07770217697477,
    31.106833513441245,
    35.9949059123715,
    32.10449611246995,
    91.78890201882074,
    16.38107874082309,
    58.551945390242196,
    97.08201963972276,
    96.81893630071099,
    94.3849738942557,
    92.55372157575695,
    85.8872013851502,
    99.12672286960846,
    48.74799442546597,
    49.46114956807503,
    88.3232325498477,
    5.590713161615402,
    72.21381594146168,
    7.85121145981142,
    20.204396723536036,
    52.64101409372363,
    28.065143362746074,
    26.590040433121082,
    20.509744769835024,
    74.69015516211398,
    54.84076147694907,
    69.25001701378002,
    24.491908769171705,
    18.95064744263179,
    4.412606055057965,
    70.05150860408837,
    39.71973400591156,
    11.638774614852899,
    29.83098038103231,
    48.81025794659496,
    56.69719033417733,
    28.91148522571362,
    2.074601105470349,
    75.75648605292365,
    3.487208877347617,
    15.366121464477947,
    75.95092667308005,
    26.674717470452826,
    56.466427510826186,
    99.0818582769064,
    1.859229087394751,
    69.76667493786672,
    82.10977280316531,
    31.85130775340213,
    38.36982516251765,
    5.004051317793392,
    21.939236305955177,
    71.53381427416194,
    26.518864231953735,
    46.355339133988835,
    29.491351754746013,
    21.747182037425627,
    83.89621256491526,
    83.23728352853654,
    8.379220210281222,
    91.031848832669,
    25.376376264444332,
    6.089428866144276,
    77.3528533776135,
    32.79331119375915,
    34.23140375651456,
    11.131025783312802
  ],