{
  "n_jobs": 200,
  "n_machines": 15,
  "processing_times": [
    64.0741851220631,
    33.64624067423874,
    97.5336454202153,
    37.29751120023689,
    38.89525543944008,
    15.365227995746782,
    48.03485861952883,
    67.1967298244289,
    45.74247598446313,
    47.854758581113266,
    48.55928494298207,
    47.24704635150097,
    24.999216936335056,
    87.21673623570238,
    75.81611374608387,
    2.661821766653385,
    56.523468788793224,
    6.271673765245196,
    3.7453858313337967,
    17.54181880438977,
    60.73861059938314,
    41.73465309231495,
    88.26193509259147,
    73.19342350698118,
    82.8816383169007,
    9.0139284183979,
    11.05672785508825,
    16.905396594751977,
    51.49622097213666,
    1.1144077958468521,
    20.263834662776127,
    77.52474386032864,
    36.77600587584962,
    89.63833440968791,
    38.96846472633064,
    52.51132833140131,
    34.93733074805558,
    65.12742014984588,
    1.088602041288624,
    99.71249656050638,
    61.69205445418656,
    47.947906621408315,
    71.36571419316192,
    45.59645757210446,
    2.0070265299631056,
    68.34712417806608,
    21.129914558615752,
    92.84247625574528,
    48.245921230363216,
    59.8656555157436,
    73.98084712199939,
    19.78882376499232,
    28.008698944094782,
    6.79322739879185,
    34.90831362399326,
    32.19780582182164,
    41.53689776943062,
    22.213010064330316,
    67.8029271851953,
    31.643422337900596,
    1.4338740510028798,
    58.10183461144222,
    45.4230225580118,
    48.751811962879444,
    5.076726955296458,
    89.56051307484073,
    59.327442397267575,
    98.52337764471228,
    39.327086472912974,
    91.7197497764224,
    50.66380719546377,
    12.124388257078781,
    69.54799621963079,
    44.07668899198891,
    1.360406902450568,
    31.14797457207991,
    10.566664695897732,
    44.62492093767525,
    37.272796959879315,
    39.0066927600825,
    80.13615034587399,
    28.011096691912087,
    19.57323730746309,
    9.065647819922788,
    36.21319375180556,
    86.63584052027339,
    3.33286746985818,
    40.289977652157106,
    93.5132894017243,
    7.878683552570859,
    61.74347980166659,
    37.80971218276514,
    59.0872311159695,
    10.028352176344924,
    2.4167407952838067,
    7.016277210050021,
    43.93096580176308,
    54.58992201925353,
    35.855011274994354,
    68.22381696554176,
    47.06568002542999,
    60.18312613352662,
    47.47282180049623,
    51.996446291613765,
    39.600218729727764,
    96.42390035254326,
    23.69432448455847,
    31.718980186114685,
    68.46096510968547,
    48.23090134725318,
    41.092134537798685,
    69.24672833730078,
    64.21148277324355,
    62.35016934154394,
    80.31290086546208,
    58.920513042248,
    98.23435234503351,
    23.40758901624545,
    73.04836147763156,
    32.09826594664995,
    52.90252855977013,
    66.87604635879597,
    63.17797835284658,
    66.14598368336145,
    50.09449465751847,
    98.88633841188667,
    3.5426736380833383,
    77.99124782179562,
    27.4731591192329,
    55.240450320065264,
    73.03164170277147,
    85.63308186546834,
    48.20827291221792,
    41.20387401979277,
    71.38913867129921,
    18.601910087146972,
    11.091325592899773,
    75.36873788962588,
    55.817745877474984,
    56.725689329137694,
    8.663889579823152,
    65.75618034531027,
    50.26995402359749,
    45.17361743146207,
    3.948226118664316,
    90.12229419839136,
    81.81135090231763,
    53.947796979163684,
    29.62943958435365,
    66.06904861267337,
    26.42841579041456,
    84.74955560208565,
    48.46702138950774,
    74.01396145551026,
    57.53091746780451,
    6.728186205193225,
    21.511503750814356,
    29.94279603850035,
    44.50586883256147,
    16.614273901132,
    8.688779013348332,
    48.951919188736674,
    74.61907274408365,
    3.446620564139699,
    75.26139282574567,
    78.25542706324975,
    77.04462782459316,
    65.49938592799882,
    29.944686882988115,
    32.92769067823849,
    90.05290053217233,
    39.8644644311761,
    37.70518097420773,
    59.03637504964144,
    18.788090853797012,
    2.0503203597960584,
    72.3931497723142,
    73.29228383753048,
    24.09993732631185,
    81.41183718262046,
    66.5168205969803,
    53.9954047798332,
    68.79123044920621,
    87.19208115452325,
    67.49104177466967,
    84.64664546544063,
    60.128969270859926,
    47.27004339542698,
    24.8915866707418,
    44.281282078307115,
    97.38752093139978,
    78.11415264483304,
    51.636321409584,
    43.35953050267774,
    60.64886104010508,
    83.18215404110772,
    64.95275467822361,
    31.0107479354986,
    12.040616686156048,
    56.16856396956045
  ],