{
  "n_jobs": 200,
  "n_machines": 10,
  "processing_times": [
    89.76802020116905,
    36.393097407212316,
    34.40293397528466,
    98.70483024303132,
    92.01047867202331,
    45.883641392464064,
    80.94052169453425,
    26.285105607873177,
    97.0870138313442,
    38.50819518056812,
    1.1307039440164273,
    15.03947514077831,
    65.17594405174617,
    65.66032611529064,
    65.494817556647,
    68.46601995606534,
    20.91011251554685,
    14.258951348981533,
    18.94476828004976,
    86.01284346558111,
    80.46338156873756,
    23.34742965802755,
    17.531318923956928,
    83.6767761268001,
    64.1769084347367,
    93.49557920826369,
    90.21724849350676,
    69.9553354487404,
    75.94526141626548,
    17.10868307310345,
    45.71292373647431,
    43.8138985697206,
    8.531993884075334,
    81.49871168850997,
    99.39401455556278,
    56.13412870773228,
    20.568831887247967,
    3.169929004130553,
    6.913739010874919,
    64.31742314140922,
    82.93628412189892,
    24.045747049452096,
    87.83984683621637,
    95.78953313737348,
    76.50345383410574,
    41.97111866628838,
    78.91945382603812,
    56.279297251607844,
    57.03148352541241,
    15.518854620841974,
    37.93977880504169,
    78.44939432315104,
    7.528787730987349,
    35.635058801942364,
    91.50666923563304,
    24.910982933532974,
    53.097766224439646,
    68.33818408202657,
    94.5294747672447,
    70.18763262261227,
    33.90886571030647,
    2.7832879442637806,
    67.69973855238814,
    42.67047362585464,
    18.00500442401474,
    7.446593538221848,
    38.523491916512754,
    40.45490651587082,
    74.87743592579717,
    8.7285655255978,
    89.3577827650345,
    68.37481780226442,
    57.8846670010317,
    14.435245111673161,
    63.791405670395086,
    15.610211453871756,
    35.92206086084941,
    56.52114051749689,
    54.59158520730392,
    57.28940208289598,
    76.47364919854583,
    76.28225463061432,
    29.646766801508726,
    8.889110679986446,
    35.804500754407876,
    83.22900444019209,
    97.82189131220241,
    35.10845064849644,
    5.486657553478985,
    93.35071655121389,
    15.040982612258249,
    35.11570058370132,
    13.886257043626058,
    39.95155267337183,
    39.63764205653357,
    59.55472674165723,
    53.11586609998064,
    98.79517150626113,
    76.04049776428461,
    92.14976356216175,
    18.94867272022645,
    67.6602057540808,
    14.644210802022354,
    62.35071693891264,
    93.32005272097223,
    91.3624198913654,
    20.890038742467432,
    73.88635703632792,
    79.276241123304,
    60.59078527647157,
    22.142102286538876,
    71.55225937523835,
    40.50805071524767,
    68.609955500779,
    57.264534276732086,
    39.452771472104615,
    89.34126578686404,
    8.113350336312628,
    10.536877184501657,
    34.65398747725561,
    98.87071519222796,
    16.911084579087188,
    72.73395368007422,
    43.27800878461551,
    91.75782296101691,
    49.392932772807775,
    68.4077862799124,
    22.688803280550474,
    54.01399673448427,
    52.66632823232081,
    22.050529449725254,
    2.8422428746475954,
    64.68829698659398,
    14.503412610660925,
    69.27591865844182,
    28.939423749963176,
    87.11915948193116,
    73.2184134670679,
    8.769153717275502,
    47.90601533241578,
    46.453370481733955,
    99.25000802188882,
    61.870002458850955,
    92.98162856678461,
    15.287556905989236,
    42.11926084316079,
    37.56311572124356,
    97.80902337654973,
    18.952633576783192,
    68.96162349905303,
    3.271745546328638,
    66.08895986372667,
    54.66169995383543,
    48.17583508369261,
    19.27214640145244,
    55.53361540351245,
    40.05502209000365,
    69.83522427632666,
    39.579371552390576,
    41.45834661480754,
    24.71811816112139,
    21.88570698478861,
    81.28329156658525,
    46.925693735325154,
    98.86898958989066,
    15.233754369142368,
    54.103114975465516,
    79.99247667488956,
    36.82886595839602,
    76.49892957663438,
    2.1366702714807952,
    66.87823735407736,
    42.39641222694122,
    95.39564197208861,
    40.74341534727214,
    1.2305120965044525,
    27.48479396616422,
    61.16072619535005,
    20.148172669986394,
    44.24596196923479,
    77.17357503754945,
    66.09361143675206,
    71.92416130238593,
    1.482246733099199,
    41.34771525263064,
    73.81303937588305,
    22.246187867663018,
    7.21543554903838,
    93.59283209199182,
    41.86561042552453,
    63.665759908869276,
    73.03505306911026,
    42.91491184102577,
    93.1523949846316,
    79.95734232276943,
    87.14511872756484,
    68.18973604359489,
    36.747999327136114,
    17.502591249619943,
    5.9244827854736934
  ],