{
  "n_jobs": 200,
  "n_machines": 15,
  "processing_times": [
    85.3488705782589,
    48.12751118040934,
    65.75548723946008,
    81.54462373034471,
    85.89913024015183,
    28.321828709570465,
    29.716701026699504,
    4.90740886965663,
    73.34987014837603,
    38.53638684257333,
    97.39605987702568,
    54.174672429096304,
    51.245650922028844,
    89.37486148619313,
    79.9662416676026,
    93.21958338286838,
    99.31977672220933,
    21.594399841509652,
    98.50939941551832,
    13.866863081986645,
    58.495819154497035,
    39.858260122418386,
    36.79965053713714,
    96.39964312261529,
    39.462103656497455,
    72.74722219294185,
    90.77735814183796,
    21.328243454297425,
    3.5616493683055426,
    73.54103246221325,
    96.42159913523024,
    92.5653485384729,
    35.5300427319816,
    34.05220048632154,
    38.82998100555369,
    50.98734717879192,
    27.465165597858675,
    25.701233060349747,
    84.74122623679844,
    88.36821743040856,
    64.85839359287866,
    1.716760284607473,
    22.36238045076022,
    4.017255528726055,
    21.9498933852938,
    85.3873818910956,
    49.4064508358641,
    13.066702088917348,
    3.3782045967846486,
    89.8717865462131,
    98.27109672936915,
    75.09039903835675,
    4.346441835476172,
    85.98619167561633,
    91.77501099196336,
    25.579082797657005,
    17.089848120597825,
    70.92065597706423,
    55.48588328750565,
    56.08921802766181,
    78.0379287328619,
    96.84428262252655,
    82.36801202658229,
    15.157513470667944,
    90.49140014360738,
    50.58025672307393,
    99.84698036310307,
    27.264229951204403,
    10.661043415748614,
    4.1442108319988815,
    90.17729058791232,
    63.50233239590655,
    52.93268597665487,
    99.40792982617297,
    20.811445658912103,
    87.15112330341134,
    75.47148125364312,
    30.24621930661432,
    32.49058684460018,
    59.83216583777402,
    88.12820998610046,
    17.21619702304236,
    25.474706101066403,
    92.7651739899093,
    91.64051320041366,
    77.23005536454409,
    59.81256678187304,
    73.60829519147508,
    38.09405033484498,
    31.5034825049524,
    55.59121703329651,
    91.0086329347765,
    28.235483677962467,
    37.227283090728754,
    3.131763553423695,
    45.781714047491015,
    8.380232553860505,
    6.199805393854325,
    65.15712731164083,
    6.61364844496192,
    35.71529357232025,
    91.14110806832855,
    6.202041726425006,
    64.77429528780934,
    87.21175504864021,
    48.63711983015484,
    79.82258408364353,
    98.71482910358661,
    61.045083970157194,
    89.138336951855,
    59.89320824813374,
    59.504578323681635,
    91.58012700277216,
    90.96989689933001,
    37.607138879248794,
    56.77950917951421,
    12.627445585177584,
    8.717213931323267,
    62.82955594845132,
    75.97660737490266,
    96.35474738369214,
    1.6221699596393424,
    88.78674924157693,
    77.69912039862731,
    64.88322122697339,
    87.88006199232272,
    3.6488857316669643,
    74.54212948805267,
    97.36232965914056,
    13.787867942342192,
    71.6243695744516,
    86.71208328087852,
    22.75853896114242,
    61.86420415392018,
    42.848047715434305,
    24.984945875530467,
    31.695792269964134,
    21.96675520458999,
    74.03255654575555,
    47.390511140973295,
    62.22043146955599,
    32.95839844263082,
    22.618582441037564,
    7.22749546867964,
    15.899781246657094,
    60.80918481694775,
    50.39522845643324,
    30.51310266758002,
    16.129882866036276,
    12.115178847063412,
    5.630687031840254,
    81.97142702670617,
    31.029697939417655,
    10.615077664246277,
    81.59677630772634,
    72.73604078880777,
    78.95931671202878,
    6.288937814450913,
    43.58268691032391,
    1.8644369717080584,
    50.929342759304156,
    21.206945428592295,
    1.510229635157617,
    49.53391541616956,
    50.55588883846723,
    68.09152759052036,
    86.24517019455935,
    61.85920971976477,
    70.37133875735347,
    63.91077312220887,
    76.55055831690558,
    60.496046725398024,
    87.31376366696348,
    89.9511568805156,
    72.28043916347772,
    89.00409706987074,
    78.70931829788864,
    9.6146310118802,
    22.494351743719246,
    32.71309339256561,
    3.7473449924494617,
    31.085488768901985,
    28.98384390771986,
    29.8403145194808,
    33.59420143712757,
    94.78718349671347,
    41.41717526310515,
    33.06150167868551,
    49.41513554631355,
    19.644269342452244,
    40.80694432921205,
    48.13740402470026,
    80.32315591698026,
    8.988426379510159,
    28.357257813000206,
    79.78368327490182,
    81.0618117076891,
    21.846564318319206,
    14.819078633323779,
    91.85653515495453
  ],