{
  "n_jobs": 200,
  "n_machines": 10,
  "processing_times": [
    22.95096758099379,
    41.46995529883318,
    51.08871787185738,
    14.881087579436382,
    41.64170280984731,
    48.7161012204839,
    10.739242306227037,
    83.55968586013161,
    75.0508318834147,
    28.28952058529469,
    88.24827478328501,
    66.3739455020833,
    21.689089486261462,
    47.443513129411414,
    61.67952465596078,
    6.5450105061705806,
    78.07875744655664,
    23.287887557313017,
    15.38947882550858,
    71.60608956291057,
    49.66504246498899,
    40.47704611039658,
    75.75991984681333,
    60.472063180617006,
    80.44368988509858,
    98.7099689067792,
    67.13823096641227,
    11.692067834832825,
    35.59001560943564,
    37.86979728124474,
    92.6810254868468,
    39.83680434608224,
    59.675527506957756,
    49.28787055965866,
    33.574799659364864,
    52.4488608348862,
    8.47901985069717,
    49.337644394308846,
    17.228985744720745,
    9.58903757690446,
    40.07278660976055,
    85.80084780678035,
    73.0897580989986,
    76.44127693358939,
    38.32511950743839,
    44.69224033564458,
    48.75936455778659,
    89.35645799292134,
    13.43257204573337,
    27.397590379866582,
    52.756780708607245,
    15.07480124117091,
    52.47334686384207,
    10.242298706229214,
    94.49516635360807,
    59.90845195452153,
    35.47239035779122,
    50.5714216450302,
    65.87687420044432,
    86.99332179609044,
    12.419527321346266,
    21.985551518882698,
    39.92351439678331,
    96.85178983020013,
    86.5233103835558,
    92.89519337061195,
    98.0303291720334,
    57.334184552877055,
    83.8778021727166,
    23.299103995679445,
    9.622203681192373,
    61.80310802267163,
    29.076499511882844,
    5.403859575261501,
    33.90168358269649,
    56.75327504533705,
    81.8524473496938,
    26.60593269577151,
    26.6226481524818,
    78.53882283931048,
    44.363733237476154,
    78.9109725653572,
    64.8686489493382,
    5.329564353106351,
    88.63019030459424,
    49.68371508823855,
    73.3937155511944,
    71.70603114792021,
    44.59857534524603,
    22.252265810997805,
    70.2601151038383,
    13.481671244113569,
    82.38204720808791,
    13.283162118083519,
    51.646851432309084,
    25.410462558730668,
    14.459578637943205,
    95.82204198072081,
    96.26667142482397,
    85.86365937253957,
    45.78669572392347,
    45.51995366513093,
    94.0208888438081,
    70.68908479765412,
    99.90646650060864,
    44.86128952419892,
    55.028275043631986,
    45.707777801633625,
    21.524955971929696,
    51.56104243087418,
    32.16118098487632,
    75.98995237081559,
    13.936400760305002,
    70.27521889974025,
    77.71075351510592,
    56.98898584594186,
    24.414710791836573,
    38.30595676572612,
    16.827429926002765,
    95.83907373553866,
    8.283537587268794,
    32.69835183757465,
    71.90083715393469,
    89.1300989815921,
    66.20631218150186,
    27.117496723371456,
    7.07756790264876,
    45.974162740702155,
    29.640774910155578,
    87.48748671692039,
    87.47377394668831,
    65.38482555148012,
    33.17227485411406,
    10.015201901522667,
    32.7825706328809,
    24.075753020060656,
    73.45726429700437,
    95.72224882612034,
    67.82453458450689,
    50.359176125839966,
    37.77525557595732,
    4.28999059632259,
    76.05843766135497,
    14.93552809487231,
    20.609858493371767,
    76.04634714721867,
    91.79576226522141,
    63.97649773778019,
    86.7690472748873,
    17.358630292535654,
    96.31218285459956,
    99.06595619736889,
    65.80362064908009,
    37.05599891280917,
    4.423782570749949,
    62.699933099106126,
    5.8132853477516315,
    3.466813521825536,
    39.86289281735309,
    85.77751061247321,
    70.29830447579543,
    55.932464906230926,
    27.49904424559889,
    94.56357633081943,
    48.777555889572795,
    13.920367910362335,
    31.175315308550097,
    80.32958088300104,
    54.37176838402505,
    56.16890287056994,
    74.68061917393169,
    7.916388351472299,
    15.40778220949622,
    90.14576627350115,
    26.360106664390454,
    70.1866078785929,
    32.66549624430698,
    79.59560597613157,
    48.476937045688736,
    71.7732059297666,
    18.800827377134468,
    82.23361938907941,
    8.84464045314525,
    12.502501412536725,
    13.33195906415194,
    34.90940496708143,
    94.33498432414595,
    36.32524733937484,
    54.72032664760313,
    45.607541908814135,
    3.0829675733621764,
    56.47869478720672,
    72.60979918557948,
    50.59311470880461,
    37.896164620421565,
    90.20604014467911,
    72.32417375618822,
    96.71216815980144,
    12.03272968521133,
    69.17079902106761
  ],