{
  "n_jobs": 200,
  "n_machines": 15,
  "processing_times": [
    94.23299863667152,
    39.7148205693206,
    6.758618809184392,
    3.4820058162053136,
    53.92363458720361,
    44.78877847033196,
    69.33080282798215,
    31.539569502404365,
    36.98261961959728,
    64.79025874828943,
    30.059997192273805,
    74.1036692956044,
    2.074380788240763,
    55.585370531522344,
    23.13118666621334,
    54.52356200610593,
    9.685351077886875,
    26.68713686926802,
    42.19601999943222,
    51.09114572190416,
    14.841231813399574,
    77.22185064217335,
    46.95378835947489,
    82.8835365522088,
    51.79246616443503,
    54.88996257620392,
    14.575536660939388,
    6.735799235478811,
    71.55597897857227,
    18.650798500357432,
    68.40055927048185,
    2.6311551678691494,
    98.10645483902202,
    96.07051194895809,
    40.664204196221284,
    12.159390296613468,
    17.96253580485688,
    21.665002877699845,
    78.99123035802761,
    13.434313570757801,
    70.72609340912204,
    48.23818736597123,
    76.74755339517559,
    77.22342644012915,
    33.56755880397921,
    96.26559377688947,
    67.52368235148602,
    45.30155519879195,
    13.221927220700609,
    87.87446486527516,
    84.27408799964483,
    27.198014715838116,
    12.882082277336583,
    20.101880341050254,
    33.61151143232207,
    13.032146573691596,
    88.57220734073609,
    60.03481971606653,
    64.42503369248286,
    71.47171943891546,
    69.41528002713004,
    35.404397649300165,
    48.982094713658,
    49.253058711625805,
    38.68516495832053,
    1.3313707860591724,
    92.03260617328482,
    49.428904463157636,
    5.235999144422438,
    31.624021156383538,
    16.024487949377825,
    16.10906215788828,
    40.108508133655455,
    45.149682476939795,
    5.4528584804092795,
    60.60336575704084,
    50.575046369465355,
    63.668857683165264,
    97.84359401736168,
    99.53603315176163,
    2.62218650898727,
    93.60267758075865,
    38.084407904526195,
    27.881397059973814,
    47.247912521526025,
    40.302763372470686,
    15.573971913499442,
    91.54113946985831,
    89.3310030535732,
    77.37591615601389,
    27.007314045323984,
    89.3616305731981,
    20.401567788030324,
    59.54294630399595,
    15.676166201529368,
    20.80483388650577,
    29.806284896113066,
    37.72615849549067,
    6.6875508076643175,
    92.66545575194768,
    5.013956104094057,
    11.316468473992444,
    78.85745526688552,
    42.560569086061435,
    85.82639852120926,
    71.34876948884043,
    86.67655394500886,
    54.10406440665585,
    68.24175453189538,
    63.04306476683446,
    2.1862066366098327,
    20.003184514201614,
    46.10519893403851,
    19.3005369571011,
    48.07012317498581,
    8.637736663817368,
    84.66379877876828,
    64.03612912155238,
    28.720047586405173,
    24.573816064249467,
    32.98640870900863,
    23.825098047927476,
    25.28580773456865,
    60.90529511965888,
    89.7012055057001,
    49.95461480406231,
    41.60965485288755,
    16.427537736293615,
    79.6607583613103,
    66.71904986291393,
    75.67416663856606,
    46.334512036568675,
    5.412524516763847,
    44.243449943689406,
    29.919756429651414,
    13.18670401234515,
    38.367280248409706,
    33.491723176047934,
    16.14418288477949,
    1.4631047090085803,
    94.22240845153681,
    42.60432557758455,
    67.92843748570616,
    18.75221375982608,
    29.73820017149872,
    60.59838614733542,
    28.850326752104866,
    39.44032854274914,
    35.23277370767862,
    84.67181869477875,
    12.954327123919933,
    95.8847611297222,
    2.693542898680567,
    58.47251758708187,
    84.27042173516934,
    86.15527141970512,
    36.85112553422264,
    8.505288463890375,
    47.18757149339247,
    79.86878009330728,
    84.0107517137244,
    63.67418961637657,
    80.80594962031458,
    51.083449345808624,
    35.39056632744806,
    28.370950762116568,
    82.47595353259987,
    70.72181800698705,
    81.37960309736998,
    58.023970203656425,
    23.24530047847274,
    53.293357909238956,
    90.90240985453114,
    51.48123253012991,
    48.30218058103936,
    57.37025537233054,
    73.94983589865063,
    77.54809522384865,
    79.85670017647632,
    82.30510751162588,
    22.28573798096677,
    35.5144916269417,
    35.940137727771436,
    25.975590449479057,
    29.481757047726052,
    84.35036210218489,
    40.49890502136791,
    56.82745839754332,
    27.63646702938791,
    50.39262610619335,
    61.25241752979938,
    76.9898929761795,
    91.04360669569985,
    97.49915381034621,
    18.167070639714105,
    75.05600005330366,
    42.7273718068795,
    55.33714139309972,
    37.789249783186094,
    39.45804474330971
  ],