{
  "n_jobs": 200,
  "n_machines": 20,
  "processing_times": [
    25.25633487007636,
    46.5578237506766,
    75.86053054415785,
    18.041250625860425,
    5.748269778369454,
    22.400049514779834,
    93.6746080384097,
    48.957600584402805,
    92.03960368301058,
    27.67032452784783,
    7.280083615914104,
    60.97638542149943,
    11.206339855058644,
    15.107586618635473,
    46.94464858157257,
    27.14119329219598,
    57.513255744671376,
    2.1469308703490757,
    30.675383881865375,
    85.1709067945922,
    80.59229277998024,
    46.73726274490433,
    19.81806895078502,
    72.90431987641257,
    7.5781576602745275,
    40.773916918226725,
    8.739797108009043,
    35.71930978370124,
    57.196869421126,
    16.33201248760111,
    26.39376229343594,
    77.86443609693848,
    31.0030002544898,
    29.365865926288908,
    25.428178160015637,
    47.14799417098588,
    75.69115937890966,
    17.864164838015657,
    74.42114282117898,
    85.32345310187829,
    49.25612858998493,
    83.13147989426838,
    37.40387096177993,
    49.131502170963486,
    13.793812076316707,
    35.579622847744645,
    6.4049660065883245,
    25.90108196994461,
    54.19667739547069,
    99.49229284266481,
    88.16729947770149,
    46.829395939209405,
    58.314489322474515,
    92.68135964039503,
    29.102237453844193,
    1.4975925157576626,
    48.47804897018552,
    12.829886959238856,
    2.8241652098898147,
    85.06977310663717,
    12.26040473721058,
    46.19005777933676,
    72.89507062051503,
    12.462547100272516,
    55.182800637283016,
    10.451605721851653,
    98.7937962565986,
    41.87101741865183,
    86.57299831339772,
    21.41591420281923,
    25.430515841951962,
    69.15712816798056,
    58.396601105867816,
    37.59211906396676,
    46.408291123843355,
    58.1181395711295,
    42.26983241245393,
    56.495823559462806,
    54.81854257816381,
    34.90935979621677,
    40.603435136574745,
    32.72211544603044,
    69.90189435527455,
    85.46144472059267,
    32.47889427067949,
    63.29374726343534,
    85.62190491792403,
    8.178175827188127,
    96.07877164527481,
    4.178801380105339,
    19.606776336426464,
    57.93023159159265,
    15.877963610632273,
    93.36332804543373,
    13.341040798474724,
    76.08808688767662,
    62.731482954702095,
    21.30420049541614,
    28.264604977886915,
    80.01766636435599,
    44.81969402105301,
    69.06567270556785,
    3.322133873483666,
    16.1728691847556,
    79.21341395490646,
    80.75228955193933,
    32.2759762789312,
    59.38329404231092,
    62.389388410472534,
    24.855293565472063,
    31.29490664657767,
    13.713660199726169,
    99.35790909424406,
    98.28123128087566,
    15.31070347868133,
    52.5059435602417,
    42.3787197045579,
    33.74579198163741,
    19.55231937711885,
    11.290236971874087,
    38.71720426812767,
    20.274355694979793,
    9.305617092712913,
    30.43851730361713,
    25.413166015859076,
    82.9725555742165,
    56.9054112582747,
    89.92547369918769,
    83.20210781575199,
    76.2508387909628,
    64.6656089551611,
    76.87928608221023,
    39.09050702872125,
    18.350254203964862,
    35.36830194418086,
    9.8109360509176,
    37.71835010780272,
    52.3367121739777,
    23.013185376387558,
    12.330546414298526,
    88.15286028367223,
    90.98411100880848,
    32.23006212974478,
    44.0468460025944,
    69.18605592223767,
    7.195108559417936,
    23.503194514012705,
    15.941513937829834,
    26.106405376298383,
    24.795033868725415,
    36.47675703358218,
    30.392474624769385,
    58.59458296253457,
    5.306960579434028,
    45.31806960422794,
    97.58914337065438,
    2.6069897430027824,
    67.89121436857573,
    94.75975662880053,
    80.55428590219604,
    31.88160986502841,
    37.468130557216845,
    57.360183070335964,
    26.26901078843832,
    39.8485136783823,
    16.572792909584173,
    94.12255307858413,
    61.95659136483855,
    49.4317266225564,
    63.34271172845099,
    62.66717896453549,
    78.61048535299422,
    55.06994831343612,
    74.40045156237156,
    70.48646350148049,
    59.17926300280382,
    36.906055512976415,
    68.06155077017893,
    79.84396082287961,
    20.423395396675556,
    65.32290019946058,
    87.8083548001831,
    82.8871821133086,
    99.40066268778021,
    15.890689674538342,
    86.36089434182738,
    19.290523705526784,
    95.37660449852561,
    18.759684733662308,
    44.208124747530086,
    45.91379660510413,
    51.42504109713782,
    79.43370764219421,
    11.256476101843253,
    91.45511272387202,
    91.22300119181101,
    59.46230709024656,
    6.535336744082601,
    54.36288413933664,
    15.388243781177088
  ],