{
  "n_jobs": 200,
  "n_machines": 10,
  "processing_times": [
    73.60188830997474,
    29.538686976289725,
    52.979985451443895,
    71.78408637148087,
    40.93930169806195,
    19.7805142924819,
    12.023953830911935,
    43.287266260605215,
    23.9668312355061,
    10.304840133132284,
    42.50832588111779,
    74.62582575455438,
    69.19178393184247,
    64.04279850412779,
    48.994789793588346,
    20.22338987702527,
    7.220660865246234,
    21.39697706045259,
    56.18969658744349,
    99.6620761650485,
    85.68601915249967,
    70.56382904432311,
    52.83773563870109,
    46.64006164119168,
    32.46245910292788,
    68.85409990123979,
    91.48076912202026,
    41.132497043445454,
    74.31757996838871,
    67.53952648435283,
    96.63977106414178,
    68.39941660453492,
    58.66087516530304,
    16.62249626245646,
    30.067869696595096,
    52.96683194908428,
    51.54379882132639,
    3.4160065786736045,
    99.85000562336457,
    98.05117125487347,
    4.455191495973047,
    95.50857134567644,
    42.425485125136234,
    70.61594640850986,
    14.861595098638057,
    29.565303187304018,
    19.651057381075614,
    34.094753994503364,
    48.675666692072426,
    17.807868753572336,
    89.17731984419196,
    53.320069150597924,
    74.98918190882831,
    43.79748252769732,
    28.337521461626427,
    44.051473627300226,
    12.850445521750304,
    77.65884350535191,
    33.38589961814934,
    9.559831235850632,
    62.03549477718048,
    68.44973119846928,
    76.99483586619205,
    52.21311015005806,
    1.5778165936437425,
    18.48673271837405,
    62.10880705937983,
    62.24603447661228,
    37.5860527289037,
    16.938803426202156,
    24.290716922555863,
    72.01826152893487,
    56.139379582092914,
    57.82223023723581,
    31.39837206774944,
    75.44065479107392,
    64.78629014380502,
    83.2053513511931,
    87.90225888880175,
    46.902121392511134,
    89.64641076790028,
    54.800006536600044,
    64.45243167102713,
    32.542526965048125,
    50.64698127858382,
    81.90109947045272,
    21.199522790280398,
    21.55937608537314,
    42.38872265852221,
    9.171529792622898,
    94.16979170388477,
    40.13717020019593,
    55.45363930787826,
    72.03630103917853,
    71.03828451748106,
    90.2417588066465,
    72.71051458725249,
    45.66970196248578,
    70.23186679024901,
    48.79439861469927,
    6.876233357361594,
    31.89622612019761,
    10.864208608505663,
    75.84880754566235,
    57.47101052638636,
    51.61986485825302,
    32.70790473214345,
    84.04636082146632,
    29.13620108221062,
    33.26533472734778,
    51.204802094956904,
    38.749989770822545,
    47.49769016881846,
    19.252075636851135,
    84.7300162241664,
    63.85346403918037,
    46.552205213701356,
    38.305536771325784,
    42.372327756569575,
    47.629978416244796,
    83.72546911532264,
    18.261043949525718,
    87.93395957413723,
    44.66943196556539,
    22.090135799887737,
    39.761496130819594,
    29.520743761097393,
    76.40132725455645,
    24.0768891807128,
    3.1128569762297915,
    32.60887100675623,
    3.067137903295256,
    44.530584038685184,
    7.6371931173703125,
    42.646120992231374,
    92.88610283213326,
    22.049565312134142,
    55.21890463493409,
    56.27793051128398,
    80.49848136553415,
    28.01009918729608,
    41.91005106592571,
    60.964680268655044,
    66.61583391964636,
    68.3183583107454,
    16.373354117810628,
    56.902751898305816,
    53.01749811437975,
    76.27206695821495,
    97.00198598355256,
    42.55869788957633,
    56.95923757954173,
    2.5333375424027484,
    6.2120193677534,
    72.68699251192082,
    37.449643299425645,
    81.76495712843445,
    53.69583538816615,
    83.33389115000651,
    85.32944037478637,
    17.662990407161534,
    9.288020047778815,
    78.31027586597176,
    34.074449407805076,
    74.83848466044549,
    38.13287852337375,
    4.165165666184359,
    48.804078598475954,
    47.86003908556793,
    44.90779433664651,
    96.38277422508267,
    97.69990347034407,
    53.65542952027085,
    42.789384282424386,
    13.935024127519727,
    74.41741834333418,
    25.563336182317013,
    81.40252143269518,
    39.18883603131752,
    6.002134949089217,
    37.55028126192917,
    33.58315202306227,
    9.022664416224202,
    70.72886927915508,
    41.1325893324286,
    22.384061474881612,
    51.59389468713441,
    16.442383206204113,
    12.836669582123502,
    16.22787577249752,
    81.13295780407542,
    64.71774953493764,
    90.44774552270479,
    83.43456529280911,
    7.748286066684388,
    67.76669058747909,
    20.617832694326225,
    60.148743723535006,
    95.0059894218595,
    59.343209584347036
  ],