{
  "n_jobs": 200,
  "n_machines": 10,
  "processing_times": [
    71.434681750969,
    81.69196605147361,
    94.46281549914059,
    75.2744868427507,
    87.12976504887813,
    31.214485852840646,
    50.529101541869075,
    40.39704961592817,
    55.87783311896586,
    81.26492894507604,
    51.66143943278168,
    40.26160001852111,
    30.490274377697204,
    69.83799504336018,
    75.28145344628199,
    62.225360933780124,
    79.38596364335106,
    21.901576664914856,
    7.515176631088908,
    74.52044350773295,
    89.99888395872078,
    96.30562564296451,
    32.84651230748268,
    64.89637977999611,
    87.57413218089468,
    95.07697902636312,
    66.2065482859732,
    54.49485173661418,
    28.612983762038823,
    61.47223748301565,
    25.126397040496027,
    15.198550544427817,
    23.91034986769093,
    7.456736913198458,
    75.73540407971859,
    18.124479468142795,
    92.45111256983121,
    49.80792034137485,
    86.60591386693407,
    27.22600393290924,
    83.9134952249583,
    68.11216104013323,
    46.84152927923534,
    23.030421710552435,
    36.98005013591895,
    95.60725484928142,
    95.08885793030719,
    44.283569624041576,
    16.446579557435186,
    37.26756301112229,
    51.742696766467475,
    73.52051689983483,
    84.79531834192771,
    83.3750331663487,
    39.21080594959636,
    67.4389573972357,
    28.410462357136996,
    12.655326653769286,
    20.123457071610307,
    68.47209929275324,
    18.57973823981768,
    60.559940897711144,
    58.04098080203299,
    27.627289710215752,
    71.69956732601577,
    45.22875422302524,
    3.328692326464488,
    70.21916157194968,
    51.83208465947223,
    65.83376812965489,
    96.65772357477857,
    96.78740895648136,
    25.972894219363063,
    24.490295099413512,
    26.998843916271927,
    31.24102931839952,
    29.373999648878293,
    27.840261360884906,
    11.547693735791185,
    31.150381923713482,
    86.2891459173322,
    80.86320083263271,
    42.95199349140397,
    32.84044778386712,
    63.79751407063856,
    96.29345164086692,
    96.38843532452762,
    93.56253519610934,
    74.84040355711794,
    80.43189190733868,
    18.59132192798282,
    51.121383654971915,
    62.893300401434196,
    10.38175144490755,
    29.887948700144356,
    94.97034420728211,
    33.301099887696864,
    48.44101756459658,
    40.10869109156876,
    79.10851391242498,
    48.07783767968418,
    44.61775372727725,
    48.04993210345508,
    54.998489923740415,
    87.33535830248496,
    65.26845557731623,
    19.19040540869333,
    30.550849815391274,
    55.4203037794797,
    10.582571029651909,
    28.868010227389213,
    71.3250622443089,
    82.12423369571256,
    87.8686818727158,
    84.88061439906224,
    99.76338191929302,
    64.0156289237573,
    73.74417373273509,
    47.637286195760495,
    99.31756529361094,
    72.51959437387552,
    45.30548350864675,
    9.675754173600577,
    78.96969299124657,
    58.49048591949599,
    16.35982108183925,
    94.37602857476195,
    35.512530097782786,
    95.77133668120565,
    31.15939224073663,
    91.12752472004061,
    15.895623129936578,
    14.956463917878196,
    3.995183329842851,
    7.125713764573622,
    41.30886385900066,
    47.44163391496432,
    27.977217973035764,
    18.617937391218234,
    26.746785409454073,
    62.15954876084306,
    23.198965181712804,
    95.90481525840771,
    27.691809259647307,
    1.7809983346547908,
    12.694439840118699,
    37.20340947382474,
    5.1396736032372505,
    62.84655749860495,
    40.236381768207835,
    55.62034779464287,
    11.477379932339668,
    90.40740887525742,
    90.66497751029804,
    50.84936911944444,
    14.765309805916344,
    44.87805581125829,
    91.96572861866744,
    64.07091758947263,
    43.106482153251456,
    62.18180742313319,
    2.9969662082797552,
    19.494771999890634,
    48.99126387302814,
    13.69210693291846,
    9.16272159595862,
    49.57377074212294,
    17.799145351917275,
    59.125766450135046,
    53.48601233661128,
    90.16676649211342,
    63.88182264568244,
    7.8875524943913415,
    74.45621210340849,
    28.57776297268939,
    72.70646043278046,
    72.82005764598466,
    73.43910449886974,
    88.27861496400023,
    42.83683049443596,
    17.078290381995416,
    90.09196837496103,
    48.16026693669433,
    81.48901098560874,
    63.54382974034939,
    96.79048984827732,
    6.164928634366023,
    38.19585106477252,
    2.933161653707934,
    69.33164679028089,
    78.48691723061306,
    55.79572915037153,
    59.87151069606306,
    63.117949124499496,
    72.78073806038132,
    34.81941148024564,
    33.47445835689076,
    37.045594023875005,
    95.31899957075852,
    70.88620365567482
  ],