{
  "n_jobs": 200,
  "n_machines": 15,
  "processing_times": [
    59.87487753222949,
    79.25980260293579,
    79.49390651760831,
    60.88787279275216,
    77.4694187764119,
    16.02924010400235,
    67.1622515424437,
    59.7744821444531,
    48.633188555046466,
    8.764321113118577,
    70.62531568427264,
    26.038592774724805,
    77.10045072177336,
    78.37327916688294,
    69.34569562721812,
    14.707952265547407,
    29.731392092989566,
    34.06420257266338,
    48.73405816260209,
    12.833532174362254,
    75.22994041239322,
    58.86857247315884,
    58.956263471290235,
    37.24888854377313,
    43.82266473491848,
    76.4692003352873,
    31.532170295703374,
    98.97821464549412,
    54.52603349633257,
    63.20799604276208,
    36.32802249420111,
    25.607566848219022,
    74.70034831611126,
    6.05011465831919,
    90.19363405490971,
    64.02425671923987,
    76.45945460796786,
    32.78367966374389,
    94.12748335321,
    90.45365067352894,
    45.04172628129619,
    94.13037221538322,
    94.96661226914274,
    55.478448548860136,
    18.44856224539592,
    87.89396319304944,
    70.78596945418924,
    33.65158191007952,
    69.72579076385611,
    30.794986476631735,
    84.06292764102153,
    34.08636220628516,
    69.65704828024732,
    21.36770705133826,
    82.77260868679495,
    64.07241300711459,
    46.4676869428306,
    42.98754717208142,
    80.07980057072213,
    80.5998969818049,
    17.223734090506966,
    36.25943486580746,
    91.49343739448275,
    30.448377609466306,
    74.48218151635439,
    8.774760809446061,
    31.857716306091685,
    1.922037136482714,
    82.38512329797302,
    74.01542688181917,
    29.145297100222972,
    95.15157632802921,
    39.23500123567784,
    52.86572096255784,
    83.36356376770154,
    96.44379946672538,
    8.021267500845315,
    4.738807560281829,
    17.076275107849803,
    82.96222295440145,
    55.95834228501726,
    39.111521266212655,
    3.23756686420474,
    42.40587370606749,
    79.59162946136817,
    13.653091373025074,
    7.838964072424328,
    65.42650840583514,
    30.66814261586621,
    7.725963697443027,
    30.601999073425105,
    3.633675383132821,
    28.236609538533134,
    28.138926397760905,
    28.387054559070155,
    62.18200194645897,
    43.53363873808982,
    46.65442028099248,
    68.5072581317443,
    88.71060515378477,
    51.12880614127149,
    15.301720582441371,
    51.219314746308285,
    50.051496575609605,
    67.30866541454995,
    35.49527118754669,
    29.881121296212008,
    5.479934312549416,
    31.201855869253766,
    23.59201080717109,
    27.202913156255853,
    17.890010883176124,
    86.40099312661549,
    34.63617242110881,
    42.88300141712126,
    33.88548048476386,
    52.068895267235646,
    82.69594938101729,
    9.147720069108477,
    30.945521549592318,
    80.81303499650656,
    25.72729494907879,
    53.29675260415982,
    31.840776598911532,
    69.15996287672647,
    32.883361211192195,
    66.40077700935109,
    52.35842478451947,
    75.22021283034951,
    25.999402143984106,
    76.42391094864239,
    66.6677556709657,
    22.55732809666387,
    95.76485101524112,
    21.437032480782978,
    95.20255781753102,
    16.647276983138305,
    85.08333557442873,
    24.709586347385304,
    44.612066097783554,
    93.94118847349827,
    70.00276126545076,
    47.544186400233045,
    71.6657828755819,
    70.07536294727599,
    51.602455970248386,
    74.61214534087777,
    28.496329577546593,
    10.252961206065997,
    64.28720315706185,
    96.35594027102557,
    67.27044500356153,
    7.5427517890539475,
    32.56081183389382,
    22.281672165184666,
    67.23199816044198,
    19.667212745074362,
    68.26311901239455,
    5.159155390768142,
    82.18419703613264,
    33.35049439661036,
    23.552578295401727,
    23.51427196199049,
    53.81857601408175,
    50.36758227818976,
    72.6034965895819,
    70.97345831190354,
    51.79647350458429,
    21.51558381602906,
    16.823447442840816,
    47.559545699443596,
    25.68289217798738,
    39.70484644007597,
    24.85740711237892,
    86.96852480004588,
    69.2354637902748,
    65.94861645464657,
    3.0662886779803316,
    63.273474975319985,
    9.571552189129743,
    64.8641110088395,
    16.362695302970387,
    97.28395437718062,
    4.0652675660350575,
    85.67508563367834,
    50.796945761436135,
    35.75853477108283,
    82.87722542213952,
    67.20994213284668,
    60.893794114353696,
    82.02275014121034,
    17.370910486146116,
    37.59564397497699,
    79.91171920837785,
    3.3675516661381653,
    46.365577567516354,
    77.0935866876553,
    10.279242923032125,
    69.32475300187308,
    43.8586603412665
  ],