{
  "n_jobs": 200,
  "n_machines": 15,
  "processing_times": [
    94.13261628218748,
    83.99593905705028,
    50.86402313367361,
    7.472831808296157,
    66.06413574814408,
    76.78893640351646,
    37.40518893228102,
    54.30471012853056,
    53.84227280192906,
    93.28969761409131,
    63.724561950724244,
    46.15860417113952,
    73.9406175859045,
    76.39533735660005,
    75.39376196339248,
    93.58118598010539,
    53.34500638081804,
    78.57647195243302,
    80.00816214791794,
    78.66454919180629,
    20.94936124179753,
    40.74318433711541,
    76.12667434941693,
    10.884323763500378,
    42.44091701500189,
    98.28462748045875,
    81.77976655682478,
    45.698849547988125,
    44.80414315750259,
    87.1725101188543,
    66.76196418451661,
    15.226796923508847,
    96.63857077169783,
    19.60032425705329,
    37.966309314721876,
    83.8696863723439,
    78.24615127957081,
    90.84763855835111,
    14.151839923061235,
    79.65753277376582,
    92.99105748463755,
    28.14567463395917,
    84.27745353134046,
    37.27678574978913,
    83.63151010260503,
    98.57889561880128,
    93.88068160997052,
    83.48763412518706,
    86.51695583220643,
    50.78554102234707,
    60.3002239700849,
    87.8433548253887,
    23.301073912577994,
    24.277597174100524,
    71.70869395976891,
    86.59219203770897,
    55.33324823413361,
    54.07868551504275,
    92.61303636042258,
    84.95593399945434,
    73.61100379523597,
    97.8142949582476,
    25.88759905787621,
    3.259651352337938,
    51.00300041578249,
    90.06534584180766,
    18.522171606996114,
    84.75001146049595,
    33.629530723785166,
    28.58730654354675,
    35.52417245087753,
    19.0024778822787,
    93.63934519629372,
    85.52847690943196,
    25.58252100686016,
    38.995768262161,
    64.02641253580984,
    15.419779410014987,
    15.780460036059887,
    1.5377798846003632,
    30.556387949362982,
    59.09062577734662,
    86.51401357420745,
    76.54889854649494,
    41.59335797007194,
    27.999499080221522,
    93.55122778322269,
    96.9265100757578,
    62.43506482791725,
    94.22785989082017,
    15.618869154095254,
    16.605192404915396,
    15.301267651313086,
    68.59205721262423,
    94.2632668504056,
    38.93476659626758,
    53.50118562744566,
    59.42546881339992,
    57.83736895641315,
    27.416060359855106,
    57.40026416454952,
    27.88515531626045,
    36.775319831737995,
    93.4304207420088,
    52.04697149855448,
    77.36587377779813,
    37.88234951581519,
    71.09103841886298,
    22.456434500186877,
    65.12696736945175,
    67.44124618225896,
    49.15170442235365,
    69.7044577417414,
    94.15458879534098,
    87.27446344874348,
    62.96668117050738,
    38.833363904323775,
    40.154609942426305,
    18.981910211862363,
    49.99288623410166,
    36.25163712569146,
    8.541028612565311,
    22.649181000449417,
    57.844925182362324,
    10.784259538761892,
    10.729791573483144,
    18.422737363561474,
    26.009092390828087,
    46.83423444351987,
    97.70840122264735,
    5.042247688549541,
    17.387060191586247,
    90.41860025483055,
    9.499277944088858,
    37.29532051943537,
    65.19211668147916,
    95.68611965724664,
    56.24179160524631,
    35.53106131181837,
    31.571402348523165,
    63.716281047798674,
    86.24423902357289,
    3.370138191465432,
    25.290915968662436,
    14.963413705199828,
    22.69893302180686,
    80.29051105869218,
    59.79993142015089,
    76.45769893726994,
    85.43752756604887,
    27.66218029442297,
    3.70103086358954,
    82.45325773683005,
    4.863317232919744,
    85.18654453932261,
    29.08262716816998,
    15.256876976543616,
    17.99828366362426,
    61.02827384022473,
    55.23072502719486,
    95.02212420112261,
    30.35504762576264,
    42.01204249591245,
    70.43597012888164,
    15.24930570668727,
    11.953797670099368,
    93.92953656724433,
    29.84672653340358,
    62.67842600287287,
    51.26872507872171,
    52.322530614748466,
    28.9062823270073,
    86.05690479195127,
    63.112066761953386,
    53.531888910797115,
    70.89140912429464,
    34.545383267537204,
    16.449782498915475,
    29.57578373749002,
    43.53831652989121,
    8.652686451477775,
    74.82086976238621,
    24.927827417502613,
    94.26852354786234,
    64.05804671098282,
    43.31983963289267,
    57.819800965958784,
    44.99441307679688,
    25.224631557529044,
    65.70696545815458,
    40.79573209404758,
    44.30527866662622,
    46.11057792406071,
    94.97249797538039,
    62.59312301663679,
    21.72777879292084,
    65.66053132389968,
    7.131534596392549,
    8.300452298191423,
    55.389986942712945
  ],