{
  "n_jobs": 200,
  "n_machines": 10,
  "processing_times": [
    3.969611233159842,
    43.6214481098329,
    54.81533034805855,
    83.003505435387,
    82.60166748330134,
    66.75232202645947,
    78.64916330679243,
    79.96045088597258,
    68.14946787989719,
    95.25426891971634,
    50.72964064436408,
    57.78852081663529,
    90.81207072578229,
    65.95273627885507,
    6.823975415948284,
    54.23828630080833,
    44.565062531224825,
    3.1428806026372795,
    4.440767163968262,
    45.37603955119582,
    20.68015737739539,
    49.92062694801703,
    56.66444764252514,
    85.128533144165,
    14.481425592187732,
    15.4473565978698,
    14.23730260923782,
    68.9693244375157,
    54.47066205604047,
    52.653684231680714,
    54.04291706009581,
    58.423794035715716,
    63.87060648130731,
    44.252919410578706,
    86.49705724671026,
    3.4248196495870618,
    84.79329386800224,
    46.53533041322321,
    77.49503066964148,
    43.353221358637114,
    29.61782321299681,
    71.16577178362179,
    39.51548594575773,
    20.650959180969313,
    47.36726160462553,
    90.52924366442232,
    80.63471352542545,
    64.9961525104988,
    73.06470378284422,
    64.66333705111323,
    32.54422968680253,
    90.42879496321157,
    8.693249387257147,
    42.72062326269825,
    98.89179499718938,
    79.27807265498564,
    1.8514620847117338,
    57.879426750994384,
    98.4934764919891,
    37.52222009071692,
    64.29852526421026,
    52.07204901453391,
    62.28438261653202,
    92.35124197375202,
    7.711680749959012,
    37.956868145115436,
    36.00493249538468,
    88.13914313628456,
    18.15420732203945,
    25.307381597508886,
    91.8874878213113,
    88.31852522179611,
    12.314381289958893,
    37.16626667635368,
    22.214995147447347,
    55.35503721259996,
    56.4079138189112,
    49.444558856941505,
    33.696963770400664,
    29.991602806299813,
    15.66207720761071,
    36.56947061604273,
    43.90703387391417,
    65.16336381567858,
    55.92954907329611,
    22.306037298769255,
    70.36881782539973,
    74.49777212451974,
    10.10307649564674,
    28.841690602096076,
    10.826259702507393,
    83.35540222007708,
    51.20078702678044,
    50.777592452816464,
    89.0446728859944,
    5.371882453362865,
    4.861557688592947,
    21.967947573653877,
    21.386556230311427,
    24.082809287101504,
    85.14342403595293,
    60.56026391521853,
    24.92665864083649,
    22.979876900818617,
    76.89625426159914,
    35.528857011930164,
    80.88994297877468,
    14.706931925820214,
    13.758920630669497,
    82.14978401294431,
    33.582180973326174,
    81.1628377537975,
    21.785532804653126,
    12.509098571611542,
    12.586611313347925,
    4.2327047807852205,
    53.4839780916093,
    61.24387778918629,
    64.53622900877943,
    13.461633467099436,
    54.46344305495328,
    93.42456739876616,
    77.03892543434765,
    3.824488303489253,
    76.46525061079319,
    59.10038546024835,
    82.15774569038699,
    63.491441295458706,
    89.86033651392057,
    45.48735782961303,
    85.89874625209859,
    32.64603225136791,
    97.57108139436883,
    68.6759581862029,
    18.335914169098913,
    91.70637762629298,
    47.94216744193892,
    12.747416248613783,
    28.508086434483914,
    49.58304153761045,
    87.19410159014669,
    48.77226900292547,
    80.22426519561793,
    14.281093689088847,
    24.782876783163587,
    75.09130684172518,
    31.70379091409252,
    89.43516856356892,
    41.533755767353334,
    77.88368378178691,
    53.41801815237094,
    72.73893518525614,
    70.91487902704905,
    24.369476656866304,
    12.029748225914966,
    33.74929589326903,
    15.246727035889176,
    52.94501040951277,
    97.84884885384781,
    27.042645687797396,
    1.5221569489969125,
    79.10515362844453,
    85.31532199640104,
    75.05359775173598,
    42.77332820989933,
    46.03881343514871,
    18.544679108637048,
    50.82075229198478,
    54.013494197455564,
    16.61559238334993,
    92.04749006168616,
    29.11167262788662,
    45.70425985169765,
    53.78720763023184,
    68.43129197207224,
    64.04440686413808,
    19.74813197550537,
    98.30456118343477,
    76.42087963184456,
    14.357100714051015,
    80.73850708975718,
    29.211512192270227,
    95.82029907689089,
    44.00224578141356,
    32.524223587652415,
    7.591886728830758,
    83.74825576035997,
    49.04490709453229,
    35.112807691927905,
    9.249839964707693,
    9.423985063707327,
    32.84147016681287,
    75.16174800068853,
    72.98555910919775,
    16.59022158094245,
    7.046146735949866,
    28.181515093469258,
    81.79480266991156,
    74.989519703265,
    91.98009851884187
  ],