{
  "n_jobs": 200,
  "n_machines": 20,
  "processing_times": [
    29.521997998840845,
    73.67551702004539,
    65.2890186566187,
    98.41935635318448,
    91.05177246141527,
    87.95949051882707,
    72.7712780712846,
    48.63151139592768,
    78.68349562212165,
    71.96497267421017,
    70.41853466852574,
    26.248621912283,
    99.90210433953798,
    28.6480226441508,
    35.04449721842942,
    22.66338443663071,
    22.222789062792977,
    35.542739117249525,
    63.01985316662575,
    89.30706122153255,
    44.48443665098858,
    33.72068529882853,
    61.30680095580288,
    96.82214285113704,
    17.37828160352485,
    24.79212130104852,
    21.241718361488644,
    4.345035837927403,
    28.737870576920493,
    20.4886856325301,
    65.3064649985644,
    30.07693459636184,
    97.2153718969868,
    81.44171349170364,
    11.362053991269473,
    45.30129498962586,
    94.78282980067493,
    88.81959329944286,
    62.17369813073924,
    93.18025127167739,
    59.64797093397043,
    38.46758144622725,
    32.505865157116055,
    17.165691414312352,
    16.525092372934544,
    1.1428408878583454,
    34.453287986396596,
    35.60610298879025,
    10.638828179631302,
    68.17649187222189,
    98.7709022151026,
    93.19083959605496,
    35.12040071931522,
    74.51433813301216,
    76.31927614304028,
    55.10894190334572,
    50.2584554197422,
    38.66855189922801,
    39.48968423928286,
    91.505309879664,
    46.05651162283991,
    39.64085253106805,
    76.29176476606429,
    73.19461633217298,
    11.133841580011314,
    51.60413818329993,
    9.749008435893165,
    85.66493719975614,
    84.82944937890984,
    4.325332149856186,
    42.56474003560443,
    56.75394197736735,
    46.165667676365565,
    80.06032307077447,
    36.26594587536385,
    44.13153380292477,
    48.84481006838304,
    85.73721973249857,
    51.21576675070056,
    38.653907195867355,
    48.46530240467769,
    87.39524386362659,
    56.999947562265525,
    19.208653280257163,
    70.27963068539381,
    11.871535745728224,
    13.436151835366672,
    27.548205760008955,
    64.55320344310155,
    50.27549253073984,
    47.76522238853734,
    37.43325626323208,
    63.13939556020977,
    91.76014730789889,
    53.247679061363826,
    49.32974346857877,
    23.587981721386413,
    52.381770295953984,
    48.473830176557165,
    71.54309344772382,
    65.16427004264042,
    83.06499400403872,
    6.196794028284771,
    63.57429441516459,
    97.48002535029813,
    76.00880589163975,
    70.30098051358567,
    27.738924998867034,
    48.228761000624374,
    79.01634495480252,
    92.83611752929785,
    19.93233071309627,
    40.841259234333215,
    4.093582634754776,
    22.61846871421879,
    60.240726441483815,
    33.005064061386655,
    10.205759773834998,
    48.70058322784695,
    3.7525270525312977,
    21.57915495832782,
    47.965995532126065,
    76.93228507276078,
    95.71647686250405,
    70.1887761873734,
    13.19165860348996,
    41.30373260320544,
    35.45849998162102,
    85.17407897954767,
    52.019820654580926,
    33.38386415174685,
    8.074094848096127,
    15.974597508019698,
    21.801513694862855,
    48.994913603595506,
    12.430755853786872,
    13.010106810330479,
    20.53534690886208,
    75.63938514094528,
    51.49018165691732,
    14.193170244699562,
    31.520986650134194,
    48.095045903132224,
    40.95374951193135,
    91.52493408198205,
    67.24639978337014,
    8.42337031190224,
    95.34897124049084,
    7.867683076539131,
    25.171664046689656,
    46.97095017677006,
    75.7333644659535,
    19.519622230469793,
    26.638020087097956,
    89.52184998161063,
    3.1492584610429457,
    1.0048144004256194,
    6.451177548575442,
    63.22937940956872,
    33.16382066170923,
    1.9128867444836857,
    13.463238368910496,
    24.710247810743788,
    29.797785553534162,
    11.688533684807762,
    23.535597737445123,
    94.33421101178703,
    9.653515432111227,
    55.12696591686087,
    51.21170053754824,
    7.498778016481733,
    57.22869128450952,
    32.495133732091894,
    67.6470747104492,
    96.4307585300884,
    50.45897991881484,
    51.33998658008044,
    73.08653828109561,
    13.239143223042348,
    18.391929820049917,
    1.4342585572208981,
    30.52253518082237,
    98.7047919600942,
    78.65419258288496,
    5.867007405891874,
    69.48350583463218,
    15.074520347038652,
    82.54332976427717,
    52.841146947546676,
    62.70207355300602,
    30.075710060705028,
    47.49026087464046,
    6.527902729966334,
    85.57358928503695,
    86.1005194443781,
    13.275259173779588,
    59.27517437481989,
    93.37763783620517,
    22.391144924464683,
    83.08566951920972
  ],