{
  "n_jobs": 200,
  "n_machines": 20,
  "processing_times": [
    53.50529937770825,
    97.77656062129591,
    15.000722032492682,
    77.98770561979975,
    91.55745371935227,
    21.773644693392562,
    15.870949523903253,
    68.92067488206,
    79.2618457064226,
    9.746989729960772,
    80.91851111534851,
    57.64813596819631,
    65.20508120447042,
    30.738921074585303,
    26.20283820526506,
    34.29225480984929,
    38.48300365755986,
    8.054694119179866,
    67.88365442482792,
    11.699109107777542,
    92.91725850645216,
    51.236996874251474,
    55.43929512930987,
    57.83877956635385,
    71.1759928119377,
    89.62368644142187,
    77.07421880079396,
    7.388399550562567,
    30.01633868872396,
    65.65468891266383,
    3.7327234799344406,
    22.96739859954396,
    34.05552119008252,
    3.139355074536009,
    55.21336216259907,
    18.8798601893827,
    54.79351448651494,
    98.72669748452927,
    43.96162420043433,
    70.53339024297304,
    34.377949958301954,
    4.5200840784707195,
    2.7687128254660607,
    21.208664726838514,
    81.24203363762322,
    98.8058213765131,
    59.81447068189959,
    27.914318586658368,
    26.82947053818936,
    3.54873974034999,
    71.46827052484687,
    19.679710450905443,
    6.681583007732064,
    2.486659814949633,
    19.88373762183344,
    2.3181298504095462,
    49.56676580323424,
    73.40332205569823,
    65.91444270020315,
    1.1480278055695232,
    56.63405503300277,
    34.61209003815209,
    4.465981674062028,
    10.217123246107839,
    30.0475666561502,
    67.94301546361795,
    82.03516612815844,
    72.6492512858155,
    49.85665130644656,
    95.71269742326567,
    40.5844416167634,
    85.84616050688497,
    16.410201490287406,
    91.89745495335401,
    2.858499866819962,
    88.11169060376453,
    71.14217573268961,
    38.14256647970099,
    13.53311462049746,
    22.040961984299074,
    3.9809829895284556,
    92.44917845749576,
    40.10557431701105,
    18.43329119588294,
    79.34156839364893,
    48.247464029081655,
    96.78170857641804,
    81.33772135521195,
    46.10554780002549,
    75.44918170867159,
    92.65787434213634,
    74.54782250219233,
    13.860745615992778,
    70.89309733186028,
    15.050297002102283,
    32.09334652934497,
    73.86491675651997,
    95.44651915591142,
    98.66626648955398,
    82.27355665620364,
    56.31295854450034,
    74.29918662341345,
    53.17200707912911,
    56.79625794006414,
    18.960051785228746,
    79.41478499887829,
    54.54267043132886,
    78.84621575296477,
    76.52477312490014,
    61.599622278262245,
    1.900328708474942,
    3.668178359663567,
    27.4024679463497,
    7.752189998929746,
    64.3488210218066,
    10.634710675257644,
    54.08803087958592,
    2.185842497696023,
    86.02461296780064,
    18.16044717126946,
    42.50787249088754,
    91.98629970499675,
    92.42432075472513,
    72.27352778862634,
    84.29027850269746,
    46.139971925990984,
    83.74115663701409,
    58.61598391151292,
    64.73325108020268,
    64.17085400280656,
    51.2330840138078,
    58.259838393927055,
    12.996314289975594,
    97.02257479891055,
    9.677486087471793,
    54.592233793004645,
    40.80159932243138,
    27.85138688138393,
    86.81627059664832,
    74.63282495469895,
    64.51999892984232,
    21.79671029351583,
    82.68013068700805,
    53.531461931929286,
    3.3934444824761387,
    9.889120734023468,
    65.8872580615866,
    84.74132306141267,
    20.888763054100583,
    58.28955582518568,
    80.59364331912201,
    30.43548666609699,
    53.80853652581737,
    83.51281169442977,
    3.61639665932045,
    13.402360856226034,
    52.81260540912735,
    46.1473938133098,
    45.132377134977695,
    14.537862190641018,
    60.95943723556533,
    1.9109578533858542,
    1.818708042906965,
    30.446459128694837,
    36.01895305243243,
    59.67440843122308,
    33.95385663038177,
    2.1328270940645213,
    44.75673209513285,
    69.68131286033734,
    7.864409409639592,
    77.68083572822482,
    73.43895232366091,
    41.810668701239656,
    57.9266496527808,
    79.79882627094386,
    59.34553046016408,
    50.52936665589056,
    34.26795468769101,
    38.72032372553706,
    93.0917687660369,
    42.131333666408004,
    4.4830235851175395,
    72.13799629006796,
    59.85069780287861,
    88.02788846029597,
    39.47875960628276,
    30.812434684403343,
    19.220095868233113,
    79.69470359591521,
    15.20257482311477,
    38.87678905511626,
    83.01371772212407,
    73.43061190141934,
    5.575924950515114,
    41.74663036150784,
    48.431164769932735,
    72.87774264013471,
    95.61942946638216,
    23.92249709755577
  ],