{
  "n_jobs": 200,
  "n_machines": 20,
  "processing_times": [
    77.49312285943384,
    88.07181107268671,
    70.83929973313589,
    8.81745729731206,
    26.571773245867146,
    1.5920826471120975,
    95.16117745503017,
    92.40487251538985,
    90.53952054471435,
    34.677898351429114,
    28.276479173540157,
    60.09093003994736,
    23.638199631210114,
    74.66692656081125,
    65.36664283978122,
    68.35454801482976,
    64.43955131102308,
    74.12711907833479,
    51.34052747116479,
    8.975101657308564,
    67.43718876788182,
    59.011782220223836,
    50.94423333046201,
    6.0605742576115205,
    84.79482761386944,
    78.13133992677331,
    38.84775418751066,
    14.650480028114021,
    90.88990735870324,
    41.49685404662563,
    44.34218473272706,
    66.02359689565301,
    38.522641692363244,
    69.6090258833833,
    24.81244628881809,
    69.69609696787815,
    89.20297989804746,
    58.37123298676804,
    20.307911931832937,
    88.53619703774943,
    47.99935714763713,
    48.66481282500413,
    37.762390810730764,
    19.583709784865906,
    91.766255715963,
    30.680731347753436,
    98.88787609974722,
    2.4383737091768602,
    10.235764418857245,
    29.520183934546647,
    51.737647726198674,
    8.590618726012906,
    13.999985699634244,
    78.37202042625132,
    82.12494167356616,
    4.270821054580047,
    57.21443510508668,
    25.482039576483963,
    65.87707263787199,
    73.55974138479714,
    12.704220141956508,
    18.477276312759027,
    1.6974827673279478,
    88.26503024822739,
    39.89629935339038,
    84.82408211461419,
    21.932056455252507,
    8.880217895138646,
    43.45743674005939,
    22.23181623230022,
    87.55345792662625,
    56.67074645998389,
    52.594576940919055,
    47.3850181061516,
    69.69440143988969,
    89.517189820404,
    48.32465303805377,
    10.73338530071696,
    45.17241103051451,
    66.24892975240886,
    56.8474491060061,
    35.7916962716931,
    4.140406976464963,
    65.05387145067664,
    44.2026136849757,
    42.0679383239426,
    87.2925083705782,
    55.43210169108802,
    35.581233573031064,
    85.3144420694506,
    57.302873684640375,
    40.717266530411564,
    55.92557754705289,
    17.737147774066848,
    49.63167908920527,
    74.37495849721985,
    43.6044042956889,
    80.13278289384948,
    92.24330042433995,
    11.582084820241615,
    8.348202614276769,
    30.427029922324408,
    79.22913292422976,
    62.00477272119571,
    49.0835528426397,
    43.55543635705383,
    89.48441750265793,
    61.350412743335816,
    31.836627104302515,
    91.37838419964088,
    29.25735773551296,
    38.01158228529434,
    28.339449810950374,
    39.330140366071355,
    49.054906554971275,
    62.728888483927406,
    34.75086556616879,
    50.17442000359269,
    58.13242505192221,
    2.0161427142316697,
    3.8445425100944584,
    80.27284004703144,
    87.03891283159898,
    90.88330012366478,
    51.008128387943266,
    54.6670462064923,
    81.23150331728415,
    77.24435399351042,
    62.97229699717263,
    15.801300568737412,
    70.80331501464993,
    96.24932365451502,
    76.99563579262195,
    15.671301798950271,
    38.62536955321504,
    3.943303842563741,
    14.712187269319967,
    53.95616071049979,
    26.44433577484834,
    41.44738778729515,
    43.9750120014058,
    99.02053054378463,
    8.811872274053943,
    81.81203336009395,
    36.43661071395082,
    13.54103699027441,
    7.254046358674025,
    90.63255198020859,
    60.16516518627388,
    32.25884318584723,
    56.570231492816156,
    3.982518599074416,
    62.74885078140159,
    54.67576091053642,
    88.19209531383441,
    99.36074728034833,
    32.33372351825082,
    14.90374299292414,
    69.8774473548236,
    13.803357676309261,
    2.120467398441095,
    6.850338543235495,
    58.58575143950296,
    19.594840782581088,
    42.846592508117155,
    51.865642841573305,
    82.10936944042689,
    38.29896304696041,
    29.454056479627987,
    53.44835985416976,
    17.715913515992582,
    50.41458591677048,
    4.065656212130776,
    6.972362244799243,
    16.69796516951596,
    77.31241597075562,
    89.7325176607855,
    5.503470628985662,
    36.81304090712438,
    84.6628216325354,
    5.618008207117953,
    8.865270139924279,
    16.835997006593956,
    99.30427600396283,
    52.12217614275274,
    80.39443174028663,
    52.14052459477163,
    74.70224318128037,
    36.83420197685054,
    18.724301393890684,
    91.05661890148757,
    59.01124645377125,
    25.01524606973739,
    96.52690966470374,
    31.165000934276218,
    54.803996681778365,
    81.87986133869343,
    73.32842659886981,
    90.60098873482006,
    31.20429928163964
  ],